"","month","starting_date","views","name","country","cities","tags","websites","swingplanit_link","observation_date"
"1","February 2026",25,526,"Jazz Feet Weekend","Taiwan","Taipei","Teachers Confirmed","https://facebook.com/events/s/2026-jazz-feet-weekend/1534641837683662/","https://www.swingplanit.com/event/jazz-feet-weekend",2026-02-22
"2","February 2026",26,2911,"Leapin’ Lindy","Switzerland","Bern","","https://leapinlindy.ch/","https://www.swingplanit.com/event/leapin-lindy13",2026-02-22
"3","February 2026",26,1662,"Cocoa Blues & Fusion Exchange Barcelona","Spain","Barcelona","Exchange","http://www.cocoablux.com","https://www.swingplanit.com/event/cocoa-blues-fusion-exchange-barcelona7",2026-02-22
"4","February 2026",27,440,"Copenhagen Slow Balboa Festival","Denmark","Copenhagen","Teachers Confirmed","https://www.balboaswing.dk/copenhagen-slow-balboa-festival-2026/","https://www.swingplanit.com/event/copenhagen-slow-balboa-festival2",2026-02-22
"5","February 2026",27,1953,"University of Swing","United Kingdom","Edinburgh","Teachers Confirmed","https://www.facebook.com/EUSDS/?locale=en_GB","https://www.swingplanit.com/event/university-of-swing9",2026-02-22
"6","February 2026",27,493,"Vincenzo & Moe - Balboa & Lindy wkn in Helsinki","Finland","Helsinki","Teachers Confirmed","https://comets.fi/en/lindy-hop-and-balboa-with-vincenzo-moe/","https://www.swingplanit.com/event/vincenzo-moe-balboa-lindy-wkn-in-helsinki",2026-02-22
"7","February 2026",27,1418,"Swingin’ at the Savoy","United States","Oakland","","https://swinginatthesavoy.com/","https://www.swingplanit.com/event/swingin-at-the-savoy8",2026-02-22
"8","February 2026",27,1075,"Sofia Blues Festival","Bulgaria","Sofia","","https://sofiabluesfest.com/","https://www.swingplanit.com/event/sofia-blues-festival1",2026-02-22
"9","February 2026",27,393,"Blues Alive in Seoul","Korea, Republic Of","Seoul","Teachers Confirmed","http://www.bluesalive.net","https://www.swingplanit.com/event/blues-alive-in-seoul",2026-02-22
"10","February 2026",27,2760,"Pisa Swing Festival – Hop The Tower","Italy","Pisa","Teachers Confirmed","https://www.facebook.com/events/s/pisa-swing-festival-hop-the-to/707173791689172/?rdid=flrGDyRLoOIDaRO8#","https://www.swingplanit.com/event/pisa-swing-festival-hop-the-tower",2026-02-22
"11","February 2026",27,1399,"Slow Bal and Balboa Weekend Hamburg","Germany","Hamburg","Teachers Confirmed","http://www.newswinggeneration.de","https://www.swingplanit.com/event/slow-bal-and-balboa-weekend-hamburg",2026-02-22
"12","February 2026",27,442,"Hop Step Dance!","Japan","Nagaoka city & Niigata city, Niigata prefecture","Teachers Confirmed","https://fb.me/e/cgukdrYY2","https://www.swingplanit.com/event/hop-step-dance",2026-02-22
"13","February 2026",27,799,"Dayton Swing Smackdown","United States","Dayton, Ohio","Competitions Held","https://daytonswingsmackdown.com/","https://www.swingplanit.com/event/dayton-swing-smackdown4",2026-02-22
"14","March 2026",5,3514,"Berlin Balboa Weekend","Germany","Berlin","","http://www.berlinbalboaweekend.de","https://www.swingplanit.com/event/berlin-balboa-weekend13",2026-02-22
"15","March 2026",6,129,"Orø Shag Camp","Denmark","OrÃ¸","Teachers Confirmed","https://oroshagcamp2026.lovable.app/","https://www.swingplanit.com/event/or-shag-camp",2026-02-22
"16","March 2026",6,1506,"Fallin in Blues","France","Grenoble","","https://www.grenobleswing.com/page/939511-fallin-in-blues","https://www.swingplanit.com/event/fallin-in-blues7",2026-02-22
"17","March 2026",6,1835,"Bal’heim","Norway","Trondheim","Teachers Confirmed","https://ntnui.no/balheim/","https://www.swingplanit.com/event/balheim2",2026-02-22
"18","March 2026",6,1255,"Prague Lindy Hop Weekend","Czech Republic","Prague","Teachers Confirmed","http://www.swingmove.cz/lhw","https://www.swingplanit.com/event/prague-lindy-hop-weekend",2026-02-22
"19","March 2026",6,3009,"B.T.Switch","Germany","Darmstadt","","http://www.btswing.dance","https://www.swingplanit.com/event/b.t.switch2",2026-02-22
"20","March 2026",6,990,"LISA - Ljubljana International Swing Academy","Slovenia","Ljubljana","Teachers Confirmed","http://www.vintage-lisa.com","https://www.swingplanit.com/event/lisa-ljubljana-international-swing-academy4",2026-02-22
"21","March 2026",6,1816,"Big City Blues","Belgium","Ghent","","https://www.bigcityblues.be/","https://www.swingplanit.com/event/big-city-blues5",2026-02-22
"22","March 2026",6,213,"Lindy Workshop with Coline Avril and Claudia Fonte","Denmark","Aarhus","Teachers Confirmed","https://aarhuslindyhoppers.dk/coline-claudia","https://www.swingplanit.com/event/lindy-workshop-with-coline-avril-and-claudia-fonte",2026-02-22
"23","March 2026",7,120,"Ottawa Swing Exchange","Canada","Ottawa","Teachers Confirmed","https://vintage-vibe-events.square.site/ottawa-swing-exchange-2026","https://www.swingplanit.com/event/ottawa-swing-exchange",2026-02-22
"24","March 2026",7,651,"Swing Cat Strut","United Kingdom","Chester, Cheshire","Teachers Confirmed","https://www.cheshireswingcats.com/events/2026-swing-cat-strut","https://www.swingplanit.com/event/swing-cat-strut2",2026-02-22
"25","March 2026",7,424,"Jazz Break Weekend with Astrid and Sander","Luxembourg","Luxembourg","Teachers Confirmed","https://jazzbreak.lu/astrid-sander/","https://www.swingplanit.com/event/jazz-break-weekend-with-astrid-and-sander",2026-02-22
"26","March 2026",12,716,"Retro Weekend Festival","Poland","Warsaw","Teachers Confirmed","https://retroweekend.pl/","https://www.swingplanit.com/event/retro-weekend-festival9",2026-02-22
"27","March 2026",12,1381,"Lindyfest - The Great Southwest","United States","Houston, TX","Teachers Confirmed","http://www.lindyfest.org","https://www.swingplanit.com/event/lindyfest-the-great-southwest1",2026-02-22
"28","March 2026",13,2827,"Roma Balboa Weekend","Italy","Rome","Teachers Confirmed","http://www.romabalboaweekend.com","https://www.swingplanit.com/event/roma-balboa-weekend9",2026-02-22
"29","March 2026",13,1185,"Swing Art Festival","France","Bordeaux","Teachers Confirmed","https://swingartfestival.fr/en/home-2/","https://www.swingplanit.com/event/swing-art-festival1",2026-02-22
"30","March 2026",13,866,"Vietnam Lindy Exchange","Viet Nam","Hoi An","Exchange","http://www.thevlx.net","https://www.swingplanit.com/event/vietnam-lindy-exchange9",2026-02-22
"31","March 2026",13,240,"Pingoletus (LindyJotter Festival)","Spain","Zaragoza","Teachers Confirmed","https://swingon.es/pingoletus-swing-festival-26/","https://www.swingplanit.com/event/pingoletus-lindyjotter-festival",2026-02-22
"32","March 2026",14,1871,"Battle AJT","France","Paris","Teachers Confirmed","http://www.battle-ajt.com/","https://www.swingplanit.com/event/battle-ajt",2026-02-22
"33","March 2026",14,231,"Double or Nothing","Netherlands","Utrecht & Amsterdam","Teachers Confirmed","https://www.thebluesjoint.dance ","https://www.swingplanit.com/event/double-or-nothing",2026-02-22
"34","March 2026",14,57,"Cordon Blues Festival 2","France","Caen","Teachers Confirmed","https://www.caencaswing.fr/stages/cordon-blues-2026/","https://www.swingplanit.com/event/cordon-blues-festival-2",2026-02-22
"35","March 2026",16,922,"Mozambique Afro Swing Exchange","Mozambique","Maputo, Mozambique","Teachers Confirmed","www.masx.org","https://www.swingplanit.com/event/mozambique-afro-swing-exchange1",2026-02-22
"36","March 2026",19,1151,"Swingin’ Spring","Sweden","Gothenburg","Teachers Confirmed","http://www.swinginspring.se","https://www.swingplanit.com/event/swingin-spring8",2026-02-22
"37","March 2026",20,720,"Aberdeen’s Hop Potato","United Kingdom","Aberdeen","Teachers Confirmed","https://www.instagram.com/auswingsoc/","https://www.swingplanit.com/event/aberdeens-hop-potato",2026-02-22
"38","March 2026",20,2102,"Fast Feet Charlie","Germany","Karlsruhe","Teachers Confirmed","https://fastfeetcharlie.de","https://www.swingplanit.com/event/fast-feet-charlie3",2026-02-22
"39","March 2026",20,269,"The Blues’ Timing","Italy","Florence","Teachers Confirmed","https://swingstudio22.it/festival-swing-firenze/the-blues-timing-firenze-2026/","https://www.swingplanit.com/event/the-blues-timing4",2026-02-22
"40","March 2026",20,116,"Christian and Natalia Omaha Weekend","United States","Omaha, NE","Teachers Confirmed","https://omahajitterbugs.square.site/christian-and-natalia-weekend","https://www.swingplanit.com/event/christian-and-natalia-omaha-weekend",2026-02-22
"41","March 2026",20,2782,"Vienna Balboa & Laminu Experience","Austria","Vienna","Teachers Confirmed","https://balboa-baby.at/vble","https://www.swingplanit.com/event/vienna-balboa-laminu-experience7",2026-02-22
"42","March 2026",20,253,"Groovin’ Blues Experience","Germany","Wiesbaden - Biebrich","Teachers Confirmed","https://fxx7.short.gy/TGB_Experience2026","https://www.swingplanit.com/event/groovin-blues-experience",2026-02-22
"43","March 2026",20,1547,"Ljubljana Bunny Hop","Slovenia","Ljubljana","Teachers Confirmed","https://bunnyhopljubljana.com/","https://www.swingplanit.com/event/ljubljana-bunny-hop1",2026-02-22
"44","March 2026",20,1398,"Bad Wild Bad Hop","Germany","Bad Wildbad","Teachers Confirmed","https://badwildbadhop.swingdance.services/","https://www.swingplanit.com/event/bad-wild-bad-hop",2026-02-22
"45","March 2026",20,1497,"Swing Sanctuary","United Kingdom","Cambridge","Teachers Confirmed","https://www.cambridgeswingdance.com/events","https://www.swingplanit.com/event/swing-sanctuary7",2026-02-22
"46","March 2026",20,1100,"RoffaShag","Netherlands","Rotterdam","Teachers Confirmed","https://www.swinginrhythm.nl/roffa-shag-2026","https://www.swingplanit.com/event/roffashag1",2026-02-22
"47","March 2026",20,2430,"The Blues’ Timing","Italy","Florence","","https://swingstudio22.it/festival-swing-firenze/the-blues-timing-firenze-2025/","https://www.swingplanit.com/event/the-blues-timing3",2026-02-22
"48","March 2026",20,1306,"Niigata Swing Weekend","Japan","Niigata","Teachers Confirmed","https://niigataswingweekend.my.canva.site/","https://www.swingplanit.com/event/niigata-swing-weekend1",2026-02-22
"49","March 2026",20,430,"Klara & Cam in Athens!","Greece","Athens","Teachers Confirmed","https://fb.me/e/5y2Fq1in6","https://www.swingplanit.com/event/klara-cam-in-athens",2026-02-22
"50","March 2026",20,1280,"Vintage Swing Party Vol IV","Denmark","Sonderborg","Teachers Confirmed","http://www.sonderborglindyhoppers.dk","https://www.swingplanit.com/event/vintage-swing-party-vol-iv",2026-02-22
"51","March 2026",20,370,"Lindytopia","Australia","Perth","Teachers Confirmed","http://www.swingtopiadance.com/lindytopia-perth","https://www.swingplanit.com/event/lindytopia",2026-02-22
"52","March 2026",20,767,"Duke’s Blues","Luxembourg","Luxembourg","Teachers Confirmed","https://www.swingdance.lu/dukes-blues-2026/","https://www.swingplanit.com/event/dukes-blues2",2026-02-22
"53","March 2026",20,492,"Swing Night in Canada","Canada","Hamilton","Teachers Confirmed","http://www.mapleleafragevent.com/snic","https://www.swingplanit.com/event/swing-night-in-canada1",2026-02-22
"54","March 2026",20,930,"30 Years of Edinburgh Swing Dance Society","United Kingdom","Edinburgh","Teachers Confirmed","http://www.esds.org.uk/30th-anniversary","https://www.swingplanit.com/event/30-years-of-edinburgh-swing-dance-society",2026-02-22
"55","March 2026",20,1213,"Meet The Music","France","Toulouse","","http://www.studiohop.com","https://www.swingplanit.com/event/meet-the-music1",2026-02-22
"56","March 2026",21,274,"ELEF Balboa Weekend Munich","Germany","Munich","Teachers Confirmed","https://www.munichbalboa.de","https://www.swingplanit.com/event/elef-balboa-weekend-munich",2026-02-22
"57","March 2026",21,306,"Intensive Lindy Hop Weekend with María & Aurélien","Germany","Munich","Teachers Confirmed","https://www.boogie-baeren.de/eventleser/intensive-lindy-hop-weekend-with-maria-aurelien","https://www.swingplanit.com/event/intensive-lindy-hop-weekend-with-maria-aurelien",2026-02-22
"58","March 2026",26,1925,"Bosphorus Swing Festival","Turkey","Istanbul","Teachers Confirmed","https://www.bosphorusswingfest.com/","https://www.swingplanit.com/event/bosphorus-swing-festival1",2026-02-22
"59","March 2026",27,2754,"Sweet Bal Weekend (Slow Bal & Balboa)","Germany","Augsburg","Teachers Confirmed","http://www.augsburgbalboa.com","https://www.swingplanit.com/event/sweet-bal-weekend-slow-bal-balboa1",2026-02-22
"60","March 2026",27,1541,"Bal Spring Break","United Kingdom","Bournemouth","Teachers Confirmed","https://spring.balbreak.co.uk/","https://www.swingplanit.com/event/bal-spring-break3",2026-02-22
"61","March 2026",27,774,"Meet in the Middle","Canada","Kingston, Ontario","","https://mitm2026.my.canva.site/","https://www.swingplanit.com/event/meet-in-the-middle2",2026-02-22
"62","March 2026",27,827,"Backdoor to Blues","France","Paris","Teachers Confirmed","https://www.leschatonsswingueurs.tf/cours-et-activites-a-paris-swing-lindy-hop-solo-jazz-charleston-blues/backdoor-to-blues-2026","https://www.swingplanit.com/event/backdoor-to-blues3",2026-02-22
"63","March 2026",27,1331,"Lindy Hop Special with Nils & Bianca","Netherlands","msterdam","Teachers Confirmed","https://www.facebook.com/events/768150432849829?acontext=%7B%22event_action_history%22%3A[%7B%22surface%22%3A%22home%22%7D%2C%7","https://www.swingplanit.com/event/lindy-hop-special-with-nils-bianca",2026-02-22
"64","March 2026",27,1051,"River City Mess Around","United States","St. Louis, Missouri","Exchange","https://www.rivercityswingout.com/rcma","https://www.swingplanit.com/event/river-city-mess-around2",2026-02-22
"65","March 2026",27,603,"Swing It Konstanz","Germany","Konstanz","Teachers Confirmed","https://www.swing-it-konstanz.de/","https://www.swingplanit.com/event/swing-it-konstanz5",2026-02-22
"66","March 2026",27,1306,"Fast Feet Fest","United Kingdom","Glasgow","Teachers Confirmed","https://www.glasgowlindyhoppers.co.uk","https://www.swingplanit.com/event/fast-feet-fest4",2026-02-22
"67","March 2026",27,1219,"Jurassic Bal","Australia","Canberra","","http://www.jurassicbal.com","https://www.swingplanit.com/event/jurassic-bal2",2026-02-22
"68","March 2026",27,200,"Humboldt Spring Swing Dance Workshop","United States","Arcata, California","Teachers Confirmed","https://www.lostcoastlindy.com/events","https://www.swingplanit.com/event/humboldt-spring-swing-dance-workshop1",2026-02-22
"69","March 2026",28,230,"Hummel Hummel - Blues Blues","Germany","Hamburg","Teachers Confirmed","https://www.newswinggeneration.de/28-29-03-2026-hummel-hummel-blues-blues-workshop-mit-dexter-santos/","https://www.swingplanit.com/event/hummel-hummel-blues-blues",2026-02-22
"70","April 2026",1,3237,"Barswingona","Spain","Barcelona","Teachers Confirmed","http://www.barswingona.com","https://www.swingplanit.com/event/barswingona7",2026-02-22
"71","April 2026",2,298,"Fly to the Moon - slow dance festival (5th edition)","Czech Republic","Ostrava, Czechia","Teachers Confirmed","https://swingville.cz/registration/fly-to-the-moon_26/","https://www.swingplanit.com/event/fly-to-the-moon-slow-dance-festival-5th-edition",2026-02-22
"72","April 2026",2,531,"Asia Balboa eXchange D&F","Korea, Republic Of","Seoul","Teachers Confirmed","https://asiabalboa.com","https://www.swingplanit.com/event/asia-balboa-exchange-df",2026-02-22
"73","April 2026",2,2671,"Paris Jazz Roots","France","Paris","","https://www.jazzroots.fr/","https://www.swingplanit.com/event/paris-jazz-roots",2026-02-22
"74","April 2026",3,1793,"IsThereHop?","Switzerland","Zurich","Teachers Confirmed","http://www.istherehop.ch/","https://www.swingplanit.com/event/istherehop6",2026-02-22
"75","April 2026",3,233,"Cheltenham Swing Dance Hop","United Kingdom","Bishops Cleeve, Cheltenham","Teachers Confirmed","https://cheltenhamswing.dance/csdhop","https://www.swingplanit.com/event/cheltenham-swing-dance-hop",2026-02-22
"76","April 2026",4,185,"Lindy and Balboa Cruise to the Eastern Caribbean","United States","Orlando, FL > Grand Turk > San Juan, Puerto Rico > St. Maarten > St. Thomas","Teachers Confirmed","https://lindycruise.com/","https://www.swingplanit.com/event/lindy-and-balboa-cruise-to-the-eastern-caribbean",2026-02-22
"77","April 2026",9,2969,"Spring Lindy Weekend","Spain","Pamplona","","http://www.springlindyweekend.es","https://www.swingplanit.com/event/spring-lindy-weekend8",2026-02-22
"78","April 2026",9,642,"Portland Lindy Exchange (PDXLX)","United States","Portland, OR","","https://www.portlandlindysociety.com/pdxlx","https://www.swingplanit.com/event/portland-lindy-exchange-pdxlx1",2026-02-22
"79","April 2026",9,407,"Sevilla Swing Festival","Spain","Seville","Teachers Confirmed","https://forms.gle/3REPFA4aGbc8JLbv6","https://www.swingplanit.com/event/sevilla-swing-festival2",2026-02-22
"80","April 2026",9,2874,"Alpine Jitterbugs - Shag n Bal 2026","Austria","Innsbruck","","http://www.alpinejitterbugs.com","https://www.swingplanit.com/event/alpine-jitterbugs-shag-n-bal-2026",2026-02-22
"81","April 2026",10,423,"Prague Swing Spring Festival","Czech Republic","Prague","Teachers Confirmed","https://pragueswingfestivals.com","https://www.swingplanit.com/event/prague-swing-spring-festival1",2026-02-22
"82","April 2026",10,1596,"Jump Up North Festival","Germany","Hamburg","Teachers Confirmed","http://www.jumpupnorth.com/","https://www.swingplanit.com/event/jump-up-north-festival",2026-02-22
"83","April 2026",10,1089,"ESpanish Blues Festival Spring edition","Spain","Madrid","Teachers Confirmed","https://www.espanishblues.com/event-info.html","https://www.swingplanit.com/event/espanish-blues-festival-spring-edition2",2026-02-22
"84","April 2026",10,2088,"Sicilian SwingAge Festival","Italy","Palermo","Teachers Confirmed","https://www.sicilianswingagefestival.com/","https://www.swingplanit.com/event/sicilian-swing-festival",2026-02-22
"85","April 2026",10,1931,"Kind Of A Big Deal Weekend","United States","Boston, Massachusetts","","https://kindofbigdealweekend.blogspot.com","https://www.swingplanit.com/event/kind-of-a-big-deal-weekend7",2026-02-22
"86","April 2026",10,868,"O’Slow","Norway","Oslo","Teachers Confirmed","https://oslow.bardarswingclub.no/","https://www.swingplanit.com/event/oslow3",2026-02-22
"87","April 2026",11,1471,"The Pulse","Ireland","Cork","Teachers Confirmed","https://www.swingdancecork.com/thepulsefestival","https://www.swingplanit.com/event/the-pulse1",2026-02-22
"88","April 2026",11,1023,"Nice Swing Festival","France","Nice","Teachers Confirmed","https://sites.google.com/view/swinginnice/evenements-swing-nice/nice-swing-festival?authuser=0","https://www.swingplanit.com/event/nice-swing-festival3",2026-02-22
"89","April 2026",16,1653,"Come Around The Pott","Germany","Dortmund","Teachers Confirmed","http://www.lindypott.de","https://www.swingplanit.com/event/come-around-the-pott",2026-02-22
"90","April 2026",16,1945,"Bal Wave - Balboa & Slow Bal Festival","Italy","Catania","Teachers Confirmed","https://www.bal-wave.com/","https://www.swingplanit.com/event/bal-wave-balboa-slow-bal-festival",2026-02-22
"91","April 2026",17,402,"The Blues Harbour","Sweden","Gothenburg","Teachers Confirmed","https://thebluesharbour.se/","https://www.swingplanit.com/event/the-blues-harbour",2026-02-22
"92","April 2026",17,874,"Tiny Balboa","France","Grenoble","Teachers Confirmed","https://www.grenobleswing.com/page/1692255-tiny-balboa","https://www.swingplanit.com/event/tiny-balboa7",2026-02-22
"93","April 2026",17,1569,"Open the Arts Festival","Germany","Saarlouis","","https://www.openthearts.de/","https://www.swingplanit.com/event/open-the-arts-festival1",2026-02-22
"94","April 2026",17,1762,"Swing Train Festival - VII Edition","Italy","Turin","Teachers Confirmed","https://www.dustyjazz.it/it/eventi/swing-train-festival-202604172000","https://www.swingplanit.com/event/swing-train-festival-vii-edition",2026-02-22
"95","April 2026",17,930,"StALX (St Andrews Lindy Exchange)","United Kingdom","St Andrews","Exchange","https://stalx.my.canva.site/","https://www.swingplanit.com/event/st-andrews-lindy-exchange",2026-02-22
"96","April 2026",17,329,"Santa Cruz Swing Festival","United States","Santa Cruz","Teachers Confirmed","http://www.santacruzswingfest.com","https://www.swingplanit.com/event/santa-cruz-swing-festival",2026-02-22
"97","April 2026",17,1792,"Swingin’ by the Sound","United States","Port Townsend, Washington","Teachers Confirmed","https://www.swinginbythesound.com/","https://www.swingplanit.com/event/swingin-by-the-sound4",2026-02-22
"98","April 2026",17,1080,"Gentse Hoppers Exchange","Belgium","Ghent","Exchange","https://www.gentsehoppersexchange.com","https://www.swingplanit.com/event/gentse-hoppers-exchange7",2026-02-22
"99","April 2026",17,143,"Bubble City Bash","United States","Urbana-Champaign, IL","","https://www.illiniswing.org/bubble-city-bash-2026-about","https://www.swingplanit.com/event/bubble-city-bash4",2026-02-22
"100","April 2026",17,335,"Florence Swing Weekend","Italy","Florence","Teachers Confirmed","https://www.lindyhopinflorence.com/it/eventi-florence-swing-weekend-17-18-19-aprile-2026.html","https://www.swingplanit.com/event/florence-swing-weekend",2026-02-22
"101","April 2026",17,1004,"Back to Jitterbug","France","Lyon","Teachers Confirmed","http://www.backtojitterbug.com","https://www.swingplanit.com/event/back-to-jitterbug1",2026-02-22
"102","April 2026",18,176,"Rhythm Trinity","Germany","Berlin","","https://www.instagram.com/rhythm.trinity/","https://www.swingplanit.com/event/rhythm-trinity1",2026-02-22
"103","April 2026",23,1687,"Sitges Balboa Beach","Spain","Sitges","","http://www.sitgesbalboabeach.com","https://www.swingplanit.com/event/sitges-balboa-beach7",2026-02-22
"104","April 2026",23,638,"Menorca Lindy Exchange","Spain","Ciutadella de Menorca","Teachers Confirmed Exchange","http://www.menorcalindyexchange.com","https://www.swingplanit.com/event/menorca-lindy-exchange1",2026-02-22
"105","April 2026",24,2094,"Swingcake Balboa Workshop","Germany","Tübingen","Teachers Confirmed","http://www.swingcaketuebingen.de","https://www.swingplanit.com/event/swingcake-balboa-workshop",2026-02-22
"106","April 2026",24,2053,"Swingin’ Spring Weekend Dresden","Germany","Dresden","Teachers Confirmed","https://dresden-hepcats.de/workshops-de/new-workshops-de/new-workshop-details-de/ssw-2026-04-24","https://www.swingplanit.com/event/swingin-spring-weekend-dresden",2026-02-22
"107","April 2026",24,2339,"Krak The Shag¡ Hola Balboa!","Poland","Krakow","Teachers Confirmed","https://kraktheshag.com/","https://www.swingplanit.com/event/krak-the-shag-hola-balboa5",2026-02-22
"108","April 2026",24,566,"DC Lindy Exchange","United States","Washington DC","Exchange","https://dclx.org/","https://www.swingplanit.com/event/dc-lindy-exchange",2026-02-22
"109","April 2026",24,63,"Swinging Weekender Schwerin","Germany","Schwerin","Teachers Confirmed","http://www.swinging-weekender.de","https://www.swingplanit.com/event/swinging-weekender-schwerin",2026-02-22
"110","April 2026",24,397,"Shag in the Air","Sweden","Linköping ","Teachers Confirmed","https://www.airswing.se/shag-in-the-air-2026-24-26-april/","https://www.swingplanit.com/event/shag-in-the-air",2026-02-22
"111","April 2026",24,254,"Swing do Fou 7","France","Cholet","Teachers Confirmed","https://swingdufou.com/","https://www.swingplanit.com/event/swing-do-fou-7",2026-02-22
"112","April 2026",25,180,"Footwork goes Sideways","Switzerland","Lucerne","Teachers Confirmed","https://www.footwork.ch/sideways-26","https://www.swingplanit.com/event/footwork-goes-sideways1",2026-02-22
"113","April 2026",26,265,"Peniscola Swingin’","Spain","Peniscola","Teachers Confirmed","http://www.vacancesdanses.com/peniscola-swingin/","https://www.swingplanit.com/event/peniscola-swingin",2026-02-22
"114","April 2026",30,129,"Blues Playground","Belgium","Beersel","","http://www.bluesplayground.com/","https://www.swingplanit.com/event/blues-playground",2026-02-22
"115","April 2026",30,950,"Mosel Hop - let’s swing out at a real count castle","Germany","Diez","Teachers Confirmed","https://www.moselhop.de/","https://www.swingplanit.com/event/mosel-hop-lets-swing-out-at-a-real-count-castle",2026-02-22
"116","April 2026",30,561,"III Canarias Balboa Exchange","Spain","Gran Canaria","Exchange","https://buytickets.at/mojoswingcanarias/1980415","https://www.swingplanit.com/event/canarias-balboa-exchange1",2026-02-22
"117","April 2026",30,219,"Bounce Swing Festival","Italy","Chioggia (Venice)","Teachers Confirmed","http://www.bounceswingfestival.com","https://www.swingplanit.com/event/bounce-swing-festival6",2026-02-22
"118","April 2026",30,1725,"Lazy River","Austria","Vienna","Teachers Confirmed","http://www.lazyriverfestival.com","https://www.swingplanit.com/event/lazy-river2",2026-02-22
"119","May 2026",1,1537,"Downtown Jazz Jam","United Kingdom","London","Teachers Confirmed","https://downtownjazzjam.uk","https://www.swingplanit.com/event/downtown-jazz-jam",2026-02-22
"120","May 2026",1,1428,"Minor Swing","Sweden","Gothenburg","Teachers Confirmed","http://www.minorswing.se","https://www.swingplanit.com/event/minor-swing7",2026-02-22
"121","May 2026",1,432,"Frankie 112","Malaysia","Kuala Lumpur","","http://www.frankie11x.com","https://www.swingplanit.com/event/frankie-112",2026-02-22
"122","May 2026",1,668,"Spread the Shag","Germany","Konstanz","Teachers Confirmed","https://www.swinginkonstanz.de/?page_id=3386","https://www.swingplanit.com/event/spread-the-shag1",2026-02-22
"123","May 2026",1,2161,"Come Around Balboa Weekend","Hungary","Szekesfehervar","Teachers Confirmed","https://www.comearound-balboaweekend.hu/en/","https://www.swingplanit.com/event/come-around-balboa-weekend3",2026-02-22
"124","May 2026",1,95,"Slow Balboa Weekend","Canada","Vancouver","Teachers Confirmed","https://www.facebook.com/events/1412022960254222","https://www.swingplanit.com/event/slow-balboa-weekend1",2026-02-22
"125","May 2026",1,159,"Sense Balboa","Bulgaria","Sofia","Teachers Confirmed","https://www.instagram.com/sense.balboa/","https://www.swingplanit.com/event/sense-balboa",2026-02-22
"126","May 2026",1,293,"Montreal Bagel & Blues","Canada","Montreal","","https://www.bagelandblues.com/","https://www.swingplanit.com/event/montreal-bagel-blues",2026-02-22
"127","May 2026",2,140,"Mood for Swing","Japan","Tokyo","Teachers Confirmed","http://swing-jack.com/2026mfs.html","https://www.swingplanit.com/event/mood-for-swing7",2026-02-22
"128","May 2026",4,550,"NYC Bal Week","United States","New York City","Teachers Confirmed","http://www.balweek.com","https://www.swingplanit.com/event/nyc-bal-week",2026-02-22
"129","May 2026",7,944,"The BRUX - Brussels Exchange","Belgium","Brussels","Exchange","https://www.thebrux.be","https://www.swingplanit.com/event/the-brux-brussels-exchange1",2026-02-22
"130","May 2026",7,724,"Paris Spring Balboa","France","Paris","Teachers Confirmed","http://www.parisbalboa.fr","https://www.swingplanit.com/event/paris-spring-balboa",2026-02-22
"131","May 2026",7,193,"Boogie Explosion 10 Years Anniversary","Greece","Athens","Teachers Confirmed","https://www.facebook.com/share/1CojHikZqC/","https://www.swingplanit.com/event/boogie-explosion-10-years-anniversary",2026-02-22
"132","May 2026",8,86,"CRB Taipei - Cross Road Blues","Taiwan","Taipei","","https://www.instagram.com/crossroads_blues_asia?igsh=anVvc3B6eGJ5bG5u","https://www.swingplanit.com/event/crb-taipei-cross-road-blues",2026-02-22
"133","May 2026",8,590,"Maytime Mess Around","United Kingdom","Titchfield, Fareham","Teachers Confirmed","http://www.thelindyclub.co.uk","https://www.swingplanit.com/event/maytime-mess-around10",2026-02-22
"134","May 2026",8,592,"Paris Midnight Blues","France","Paris","Teachers Confirmed","http://www.parismidnightblues.com","https://www.swingplanit.com/event/paris-midnight-blues6",2026-02-22
"135","May 2026",8,87,"Lindy Fiesta 9,5","Germany","Hamburg","Teachers Confirmed","https://www.newswinggeneration.de/07-09-mai-2026-lindy-fiesta-95/","https://www.swingplanit.com/event/lindy-fiesta-95",2026-02-22
"136","May 2026",8,448,"Balboa in Bergen, with Anni & Gasper","Norway","Bergen","Teachers Confirmed","https://fb.me/e/avGBMcngp","https://www.swingplanit.com/event/balboa-in-bergen-with-anni-gasper",2026-02-22
"137","May 2026",8,1163,"Uptown Rhythm","Lithuania","Vilnius","Teachers Confirmed","https://uptownrhythm.lt","https://www.swingplanit.com/event/uptown-rhythm7",2026-02-22
"138","May 2026",8,265,"All Slow Bal at the Livermead Cliff","United Kingdom","Torquay, Devon","Teachers Confirmed","https://www.slowbal.co.uk","https://www.swingplanit.com/event/all-slow-bal-at-the-livermead-cliff2",2026-02-22
"139","May 2026",8,215,"The Bridge - City Exchange","France","Toulouse","Teachers Confirmed Exchange","http://www.studiohop.com","https://www.swingplanit.com/event/the-bridge-city-exchange",2026-02-22
"140","May 2026",8,1294,"Yodel Hop","Austria","Ginzling, Zillertal, Tyrol, Austria","","http://www.yodelhop.at","https://www.swingplanit.com/event/yodel-hop",2026-02-22
"141","May 2026",8,387,"Smokey Feet","Netherlands","Amsterdam","Teachers Confirmed","http://www.smokeyfeet.nl","https://www.swingplanit.com/event/smokey-feet6",2026-02-22
"142","May 2026",9,91,"Skye & Frida in Istanbul","Turkey","Istanbul","Teachers Confirmed","https://www.instagram.com/cazdanskultur/","https://www.swingplanit.com/event/skye-frida-in-istanbul",2026-02-22
"143","May 2026",13,606,"9th Quattropole Swing Exchange","Germany","Luxembourg - Trier - Saarbrücken - Metz","Exchange","https://www.quattropole-swing.com/","https://www.swingplanit.com/event/9th-quattropole-swing-exchange",2026-02-22
"144","May 2026",14,119,"Stockholm Blues Fest: The retreat!","Sweden","Stockholm","Teachers Confirmed","https://swedishswing.se/stockholm-blues-fest/","https://www.swingplanit.com/event/stockholm-blues-fest-the-retreat",2026-02-22
"145","May 2026",15,113,"CSC Canadian Swing Championships","Canada","Montreal (Sherbrooke)","Teachers Confirmed","http://www.canadianswingchampionships.com","https://www.swingplanit.com/event/csc-canadian-swing-championships2",2026-02-22
"146","May 2026",15,490,"Great Lakes Shag Escape","United States","Chicago","Teachers Confirmed","http://www.greatlakesshagescape.com","https://www.swingplanit.com/event/great-lakes-shag-escape1",2026-02-22
"147","May 2026",15,1980,"Interamna Swing Festival","Italy","Terni","Teachers Confirmed","http://www.interamnaswing.com","https://www.swingplanit.com/event/interamna-swing-festival",2026-02-22
"148","May 2026",15,1026,"Garage Hoppers Festival","Italy","Genova","Teachers Confirmed","https://forms.gle/xpekcuQhbPXnBGi66","https://www.swingplanit.com/event/garage-hoppers-festival",2026-02-22
"149","May 2026",15,1110,"Portocolom Swing Festival","Spain","Portocolom, Felanitx, Illes Balears","","https://www.instagram.com/portocolom_swing_festival/","https://www.swingplanit.com/event/portocolom-swing-festival",2026-02-22
"150","May 2026",21,1527,"Madrid Swing Exchange","Spain","Madrid","Exchange","http://www.madridswingexchange.es/","https://www.swingplanit.com/event/madrid-swing-exchange1",2026-02-22
"151","May 2026",21,223,"Sofia Swing Dance Festival","Bulgaria","Sofia","Teachers Confirmed","https://sofiaswing.com/","https://www.swingplanit.com/event/sofia-swing-dance-festival10",2026-02-22
"152","May 2026",22,951,"BB-DanceCamp","Germany","Landsberg am Lech (close to Munich and Augsburg)","Teachers Confirmed","http://www.bb-dancecamp.com/en/home","https://www.swingplanit.com/event/bb-dancecamp7",2026-02-22
"153","May 2026",22,185,"Bodrum Lindy Weekend","Turkey","Bodrum","Teachers Confirmed","https://www.instagram.com/bodrumlindyweekend","https://www.swingplanit.com/event/bodrum-lindy-weekend",2026-02-22
"154","May 2026",22,317,"Frankie BA Festival","Argentina","Ciudad de Buenos Aires","","http://www.frankiebafestival.com.ar","https://www.swingplanit.com/event/frankie-ba-festival2",2026-02-22
"155","May 2026",22,1489,"Tallinn Swing Weekend","Estonia","Tallinn","Teachers Confirmed","http://www.tsweekend.ee","https://www.swingplanit.com/event/tallinn-swing-weekend9",2026-02-22
"156","May 2026",22,587,"Swing ohne Senf","Switzerland","St. Gallen","Teachers Confirmed","https://www.swingohnesenf.ch","https://www.swingplanit.com/event/swing-ohne-senf6",2026-02-22
"157","May 2026",22,150,"Camp Jitterbug","United States","Seattle, WA","","https://www.campjitterbug.com/","https://www.swingplanit.com/event/camp-jitterbug3",2026-02-22
"158","May 2026",22,230,"Brisbane Swing Thing","Australia","Brisbane","Teachers Confirmed Exchange","http://brisbaneswing.wordpress.com/","https://www.swingplanit.com/event/brisbane-swing-thing",2026-02-22
"159","May 2026",22,554,"Valencia Balboa Festival","Spain","Valencia","Teachers Confirmed","https://www.valenciabalboafestival.com/","https://www.swingplanit.com/event/valencia-balboa-festival1",2026-02-22
"160","May 2026",23,115,"SwouZy Blues","United States","Cincinnati","","https://www.supermurganati.com/swouzy-blues","https://www.swingplanit.com/event/swouzy-blues",2026-02-22
"161","May 2026",29,130,"Beet’n'Blues","Lithuania","Vilnius","Teachers Confirmed","https://bluesdance.lt/bnb26/","https://www.swingplanit.com/event/beetnblues1",2026-02-22
"162","May 2026",29,1118,"Spring Jam","United States","Minneapolis, MN","Teachers Confirmed","http://www.springjammpls.com","https://www.swingplanit.com/event/spring-jam",2026-02-22
"163","May 2026",29,902,"Back Home Again in Indiana","United States","Indianapolis, Indiana","Teachers Confirmed","https://www.backhomeagain.dance/","https://www.swingplanit.com/event/back-home-again1",2026-02-22
"164","May 2026",29,164,"Copenhagen Balboa Weekend Spring","Denmark","Copenhagen","Teachers Confirmed Exchange","https://www.balboaswing.dk/copenhagen-balboa-weekend-spring-2026-2/","https://www.swingplanit.com/event/copenhagen-balboa-weekend-spring2",2026-02-22
"165","May 2026",29,780,"Roffa Balboa Brew","Netherlands","Rotterdam","Teachers Confirmed","https://www.roffaswing.nl/events","https://www.swingplanit.com/event/roffa-balboa-brew1",2026-02-22
"166","May 2026",29,3694,"Sunny Slide Swing Fest","Italy","Silvi Marina - Italy","Teachers Confirmed","http://www.sunnyslideswingfest.com","https://www.swingplanit.com/event/sunny-slide-swing-fest2",2026-02-22
"167","May 2026",29,838,"Family Hop","Germany","Rothenfels (Spessart)","Teachers Confirmed","http://www.familyhop.de","https://www.swingplanit.com/event/family-hop2",2026-02-22
"168","May 2026",29,160,"Dipping Blues","France","Toulouse","Teachers Confirmed","http://www.studiohop.com","https://www.swingplanit.com/event/dipping-blues4",2026-02-22
"169","May 2026",29,213,"Hop’n Spring","France","BesanÃ§on","Teachers Confirmed","http://www.blindy.fr","https://www.swingplanit.com/event/hopn-spring1",2026-02-22
"170","May 2026",30,54,"Ryan Francois Weekender","United Kingdom","Bristol","Teachers Confirmed","https://fb.me/e/ciVtkMGWL","https://www.swingplanit.com/event/ryan-francois-wekender",2026-02-22
"171","June 2026",4,1970,"Lakedance","Germany","Konstanz","Teachers Confirmed Exchange","https://www.swing-ex-konstanz.de/","https://www.swingplanit.com/event/lakedance2",2026-02-22
"172","June 2026",5,210,"Zamora Swing Fest (ZSF)","Spain","Zamora","","http://www.swingzamora.es","https://www.swingplanit.com/event/zamora-swing-fest-zsf26",2026-02-22
"173","June 2026",5,1375,"Slow Flow","Spain","Madrid","","https://bigmamaswing.com/index.php/eventos/Festival_slow_Flow","https://www.swingplanit.com/event/slow-flow2",2026-02-22
"174","June 2026",5,1393,"Summer Tyne Swing","United Kingdom","Newcastle upon Tyne","Teachers Confirmed","https://swingtyne.com/summer-tyne-swing/","https://www.swingplanit.com/event/summer-tyne-swing",2026-02-22
"175","June 2026",5,1409,"Liesel Hop","Germany","Göttingen","Exchange","https://www.liesel-hop.de","https://www.swingplanit.com/event/liesel-hop",2026-02-22
"176","June 2026",5,37,"Down By The Riverside","Canada","Saint-Georges, Quebec, QC, Canada","Teachers Confirmed","https://www.lacabaneaswing.com/down-by-the-riverside","https://www.swingplanit.com/event/down-by-the-riverside4",2026-02-22
"177","June 2026",5,1898,"Spirit of swing festival Aix en Provence","France","Aix En Provence","Teachers Confirmed","http://www.spiritofswing.com","https://www.swingplanit.com/event/spirit-of-swing-festival-aix-en-provence",2026-02-22
"178","June 2026",5,170,"Swingin’ Cadí","Spain","La Seu d'Urgell","Teachers Confirmed","https://swingincadi.com/es/","https://www.swingplanit.com/event/swingin-cadi",2026-02-22
"179","June 2026",5,184,"Kats Weekend Salamanca - Vol.2","Spain","Salamanca","Teachers Confirmed","https://linktr.ee/helmantikats","https://www.swingplanit.com/event/kats-weekend-salamanca-vol.2",2026-02-22
"180","June 2026",6,1148,"Balboa Edition Grenoble Special","France","Grenoble","Teachers Confirmed","https://www.vinniekatswing.com","https://www.swingplanit.com/event/balboa-edition-grenoble-special",2026-02-22
"181","June 2026",6,318,"Junijazz & Lindyseilas","Norway","Oslo","","http://www.facebook.com/events/2057838131667484","https://www.swingplanit.com/event/junijazz-lindyseilas3",2026-02-22
"182","June 2026",8,2123,"Swingin the Bay","Greece","Chalkidiki","Teachers Confirmed","http://www.swinginthebay.com","https://www.swingplanit.com/event/swingin-the-bay3",2026-02-22
"183","June 2026",11,729,"Hepcats Festival- Istanbul","Turkey","Istanbul","Teachers Confirmed","http://www.hepcatsfestival.com","https://www.swingplanit.com/event/hepcats-festival",2026-02-22
"184","June 2026",12,862,"Swing Eruption - Catania Summer Fest","Italy","Catania, Sicily","Teachers Confirmed","https://www.danzofficina.com/swing-eruption/","https://www.swingplanit.com/event/swing-eruption-catania-summer-fest3",2026-02-22
"185","June 2026",12,694,"Oxford Lindy Exchange","United Kingdom","Oxford","Exchange","https://oxfordlindyexchange.com","https://www.swingplanit.com/event/oxford-lindy-exchange14",2026-02-22
"186","June 2026",12,1246,"Sendai Balboa Festival with Kate & David","Japan","Sendai","Teachers Confirmed","https://fb.me/e/9375RFEiF","https://www.swingplanit.com/event/sendai-balboa-festival-with-kate-david",2026-02-22
"187","June 2026",12,795,"Málaga Balboa Weekend","Spain","MÃ¡laga","Teachers Confirmed","https://www.facebook.com/Blue.SwingTorremolinos","https://www.swingplanit.com/event/malaga-balboa-weekend",2026-02-22
"188","June 2026",12,238,"Valencia Lindy Exchange with Jill De Muelenaere & Alex McCormack","Spain","Valencia","Teachers Confirmed","http://www.valencialindyhop.com","https://www.swingplanit.com/event/valencia-lindy-exchange-with-jill-de-muelenaere-alex-mccormack",2026-02-22
"189","June 2026",12,927,"Midsummer Swing","Latvia","Riga","Teachers Confirmed","https://www.midsummerswing.com/","https://www.swingplanit.com/event/midsummer-swing3",2026-02-22
"190","June 2026",18,140,"Trippin’ Blues Amsterdam","Netherlands","Amsterdam","","http://www.trippinblues.amsterdam","https://www.swingplanit.com/event/trippin-blues-amsterdam5",2026-02-22
"191","June 2026",19,1379,"Queer Swing Dance Exchange Zurich","Switzerland","Zurich","Teachers Confirmed Exchange","http://www.queerswingzurich.com","https://www.swingplanit.com/event/queer-swing-dance-exchange-zurich",2026-02-22
"192","June 2026",19,689,"Shake the Change Festival","Slovenia","Radovljica","Teachers Confirmed","https://shakethechange.si/","https://www.swingplanit.com/event/shake-the-change-festival3",2026-02-22
"193","June 2026",19,732,"Sugarville","Netherlands","Groningen","Teachers Confirmed","https://www.sugarvilleswing.nl/","https://www.swingplanit.com/event/sugarville3",2026-02-22
"194","June 2026",19,476,"Blues at the ‘Bridge","United Kingdom","Cambridge","Teachers Confirmed","https://facebook.com/events/s/blues-at-the-bridge-2026/2012741039485424/","https://www.swingplanit.com/event/blues-at-the-bridge4",2026-02-22
"195","June 2026",19,449,"The Blues Lab","Turkey","Cappadoccia","Teachers Confirmed","https://www.canva.com/design/DAGyes28AWA/ksBkCvBa1XLq5INsVH9PVw/view?utm_content=DAGyes28AWA&utm_campaign=designshare&utm_medium","https://www.swingplanit.com/event/the-blues-lab",2026-02-22
"196","June 2026",19,1717,"WGC Swing Festival","United Kingdom","Welwyn Garden City","","http://www.wgcvintagefestival.com","https://www.swingplanit.com/event/wgc-swing-festival",2026-02-22
"197","June 2026",19,157,"Montreal Bal Jam","Canada","Montreal","Teachers Confirmed","https://mtlbaljam.org/","https://www.swingplanit.com/event/montreal-bal-jam",2026-02-22
"198","June 2026",20,87,"Lindy Hop Intensive Weekend","Germany","Augsburg","Teachers Confirmed","https://hepcatclub.com/events/lindy-trainingslager/","https://www.swingplanit.com/event/lindy-hop-intensive-weekend2",2026-02-22
"199","June 2026",25,262,"a Little Swing - festival in Crete","Greece","Chania, Crete","Teachers Confirmed","http://www.alittleswing.org","https://www.swingplanit.com/event/a-little-swing-festival-in-crete2",2026-02-22
"200","June 2026",25,157,"Balboa Festival Shanghai","China","Shanghai","Teachers Confirmed","https://balboafestivalshanghai.com/","https://www.swingplanit.com/event/balboa-festival-shanghai3",2026-02-22
"201","June 2026",26,1380,"Humdinger","United Kingdom","Weston-super-Mare","","http://www.humdinger-events.com","https://www.swingplanit.com/event/humdinger",2026-02-22
"202","June 2026",26,253,"Lille dit Hop!","France","Lille","","https://www.lilotbalboa.fr/","https://www.swingplanit.com/event/lille-dit-hop2",2026-02-22
"203","June 2026",26,970,"Balboa Delight","Switzerland","Basel","","http://www.jitterbugsdelight.ch/balboa","https://www.swingplanit.com/event/balboa-delight4",2026-02-22
"204","June 2026",26,52,"Glasgow Swing Exchange","United Kingdom","Glasgow","Exchange","http://www.glasgowswingexchange.co.uk","https://www.swingplanit.com/event/glasgow-swing-exchange1",2026-02-22
"205","June 2026",26,375,"Infinity Swing Festival","Germany","Karlsruhe","","https://karlsruhe.tanz-loft.de/news/infinity-swing/","https://www.swingplanit.com/event/infinity-swing-festival",2026-02-22
"206","July 2026",3,1255,"What a Jazz summer camp","Lithuania","","Teachers Confirmed","http://www.whatajazz.lt","https://www.swingplanit.com/event/what-a-jazz-summer-camp3",2026-02-22
"207","July 2026",3,1282,"Midnight Sun Swing Festival","Finland","Helsinki","","http://www.midnightsunswing.fi/","https://www.swingplanit.com/event/midnight-sun-swing-festival",2026-02-22
"208","July 2026",4,1215,"Herrang Dance Camp Week 1","Sweden","Herrang","Teachers Confirmed","http://www.herrang.com","https://www.swingplanit.com/event/herrang-dance-camp-week-11",2026-02-22
"209","July 2026",10,766,"Slow Soirée- Brisbane Slow Dance Exchange","Australia","Brisbane","","https://slowsoiree.com.au/","https://www.swingplanit.com/event/slow-soiree-brisbane-slow-dance-exchange",2026-02-22
"210","July 2026",10,2335,"Slow Dance Soirée","United States","Rochester NY","","https://www.slowdancesoiree.com/","https://www.swingplanit.com/event/slow-dance-soiree5",2026-02-22
"211","July 2026",10,180,"Shag Summer Camp","United States","Irvine, CA","Teachers Confirmed","http://www.shagsummercamp.com","https://www.swingplanit.com/event/shag-summer-camp2",2026-02-22
"212","July 2026",11,970,"Herrang Dance Camp Week 2","Sweden","Sweden","Teachers Confirmed","https://www.herrang.com/","https://www.swingplanit.com/event/herrang-dance-camp-week-21",2026-02-22
"213","July 2026",12,262,"Mopao Swing Holidays","Spain","Santa susanna","Teachers Confirmed","http://www.mopao-swing-holidays.com","https://www.swingplanit.com/event/mopao-swing-holidays2",2026-02-22
"214","July 2026",17,1741,"BTX","Japan","Tokyo","Exchange","https://www.instagram.com/balboaintokyo/?utm_source=ig_web_button_share_sheet&igsh=ZjEwM3BiNWE4OHlm#","https://www.swingplanit.com/event/btx",2026-02-22
"215","July 2026",17,38,"San Diego Balboa and Lindy Exchange","United States","San Diego","Exchange","http://www.sdblx.org","https://www.swingplanit.com/event/san-diego-balboa-and-lindy-exchange3",2026-02-22
"216","July 2026",18,787,"Herrang Dance Camp Week 3","Sweden","Herrang","Teachers Confirmed","http://www.herrang.com","https://www.swingplanit.com/event/herrang-dance-camp-week-31",2026-02-22
"217","July 2026",24,501,"Winter Swing Festival","Australia","Hobart","Exchange","http://www.tasswing.com.au","https://www.swingplanit.com/event/winter-swing-festival6",2026-02-22
"218","July 2026",24,543,"Northwest Balboa Festival","United States","Seattle","","https://northwestbalboafestival.com/","https://www.swingplanit.com/event/northwest-balboa-festival8",2026-02-22
"219","July 2026",25,369,"Blues Dose Retreat","Czech Republic","near Brno","Teachers Confirmed","https://bluesdose.cz/retreat-2026/","https://www.swingplanit.com/event/blues-dose-retreat1",2026-02-22
"220","July 2026",25,852,"Herrang Dance Camp Week 4","Sweden","Herrang","Teachers Confirmed","http://www.herrang.com","https://www.swingplanit.com/event/herrang-dance-camp-week-41",2026-02-22
"221","July 2026",29,2073,"Novelläng - Swing in the Amalfi Coast","Italy","Tramonti (SA)","Teachers Confirmed","http://www.novellangswingcamp.com","https://www.swingplanit.com/event/novellaeng-swing-in-the-amalfi-coast",2026-02-22
"222","August 2026",1,968,"Family Blues Camp","Italy","Tuscany","Teachers Confirmed","https://familybluescamp.ch/","https://www.swingplanit.com/event/family-blues-camp",2026-02-22
"223","August 2026",7,711,"Flower City Swing & Blues Exchange","United States","Rochester, NY","Exchange","http://www.flowercityswingblues.com","https://www.swingplanit.com/event/flower-city-swing-blues-exchange",2026-02-22
"224","August 2026",13,116,"Bluesila","Lithuania","70 km from Vilnius","Teachers Confirmed","https://fb.me/e/7cWRaT2wc","https://www.swingplanit.com/event/bluesila6",2026-02-22
"225","August 2026",14,353,"Bal-love","Czech Republic","Prague","Teachers Confirmed","https://www.bal-love.com","https://www.swingplanit.com/event/bal-love1",2026-02-22
"226","August 2026",14,559,"Summertime Blues","Germany","Windeck (near Cologne/Bonn)","Teachers Confirmed","http://www.tanzbildung.info/ZweisamerTanzPaartanz#SummertimeBlues","https://www.swingplanit.com/event/summertime-blues1",2026-02-22
"227","August 2026",20,202,"Swing Era","Thailand","Bangkok","Teachers Confirmed","https://theswingera.com/","https://www.swingplanit.com/event/swing-era3",2026-02-22
"228","August 2026",20,609,"Oslo Swingjazz Festival","Norway","Oslo","Exchange","https://osloswingjazz.com/","https://www.swingplanit.com/event/oslo-swingjazz-festival",2026-02-22
"229","August 2026",20,260,"Harvest Moon Swing Dance Camp","Germany","Rietberg ","Teachers Confirmed","http://www.harvestmoon.camp","https://www.swingplanit.com/event/harvest-moon-swing-dance-camp2",2026-02-22
"230","August 2026",23,199,"Swing Dance Montenegro Summer Camp","Montenegro","Kostanica, Montenegro","Teachers Confirmed","http://camp.swingdance-montenegro.com/","https://www.swingplanit.com/event/swing-dance-montenegro-summer-camp2",2026-02-22
"231","August 2026",27,1586,"Velo-Swing Festival","Germany","Saarbrücken","Teachers Confirmed","https://www.veloswingfestival.com/","https://www.swingplanit.com/event/velo-swing-festival9",2026-02-22
"232","August 2026",27,192,"Harvest Moon Swing Dance Camp - Between the Beats","Germany","Rietberg","","http://www.harvestmoon.camp","https://www.swingplanit.com/event/harvest-moon-swing-dance-camp-between-the-beats",2026-02-22
"233","August 2026",28,890,"Dornbirn Summer Swivel","Austria","Dornbirn","Teachers Confirmed","https://www.laendlehop.at/summer-swivel-2026/","https://www.swingplanit.com/event/dornbirn-summer-swivel4",2026-02-22
"234","August 2026",28,636,"Shag Ahoi!","Germany","Hamburg","","http://www.shagahoi.de","https://www.swingplanit.com/event/shag-ahoi8",2026-02-22
"235","August 2026",28,1017,"The Uptown Swingout","United States","Minneapolis, MN","","http://www.uptownswingout.com","https://www.swingplanit.com/event/the-uptown-swingout7",2026-02-22
"236","August 2026",28,654,"Velo-Swing Festival","Germany","Saarbruecken","Teachers Confirmed","https://www.veloswingfestival.com/","https://www.swingplanit.com/event/velo-swing-festival10",2026-02-22
"237","September 2026",4,443,"Balboa On The River","Canada","Gananoque Ontario","Teachers Confirmed","http://www.balboaontheriver.com","https://www.swingplanit.com/event/balboa-on-the-river5",2026-02-22
"238","September 2026",5,297,"Jazz Break & Knowedge Meetup with Odd Sweet","Luxembourg","Luxembourg","Teachers Confirmed","https://jazzbreak.lu/knowedge-meetup/","https://www.swingplanit.com/event/jazz-break-knowedge-meetup-with-odd-sweet",2026-02-22
"239","September 2026",9,270,"We Bal Paris","France","Paris","Teachers Confirmed","https://webaltheworld.wixsite.com/solaudanse/about-6","https://www.swingplanit.com/event/we-bal-paris1",2026-02-22
"240","September 2026",10,472,"be bluesed festival","Switzerland","Bern","Teachers Confirmed","https://be-bluesed-festival.ch/","https://www.swingplanit.com/event/be-bluesed-festival1",2026-02-22
"241","September 2026",10,1050,"Sicily Swing Fest","Italy","Catania","","http://www.sicilyswingfest.it/","https://www.swingplanit.com/event/sicily-swing-fest3",2026-02-22
"242","September 2026",11,987,"Season of the Switch","Germany","Munich","Teachers Confirmed","http://www.seasonoftheswitch.com","https://www.swingplanit.com/event/season-of-the-switch",2026-02-22
"243","September 2026",11,247,"Sprottenhop","Germany","Kiel","Teachers Confirmed","http://www.sprottenhop.de","https://www.swingplanit.com/event/sprottenhop2",2026-02-22
"244","September 2026",11,450,"Shag Delight","Switzerland","Basel","","http://www.jitterbugsdelight.ch/shag","https://www.swingplanit.com/event/shag-delight4",2026-02-22
"245","September 2026",11,311,"Bottoms UP!","Germany","Cologne","Teachers Confirmed","http://www.bottomsupfestival.com","https://www.swingplanit.com/event/bottoms-up1",2026-02-22
"246","September 2026",17,620,"Barcelona Lindy Exchange - BLE","Spain","Barcelona","Exchange","https://barcelonalindyexchange.com/","https://www.swingplanit.com/event/barcelona-lindy-exchange-ble2",2026-02-22
"247","September 2026",18,2378,"Swing Man Tau","Germany","Bremen","","https://swingmantau.de/","https://www.swingplanit.com/event/swing-man-tau4",2026-02-22
"248","September 2026",18,446,"Belta Blues and fusion","United Kingdom","Newcastle upon Tyne","","https://www.hoodooblues.dance","https://www.swingplanit.com/event/belta-blues-and-fusion",2026-02-22
"249","September 2026",25,540,"Calpe Swing Fiesta","Spain","Calpe","Teachers Confirmed","www.calpeswingfiesta.co.uk","https://www.swingplanit.com/event/calpe-swing-fiesta9",2026-02-22
"250","September 2026",25,578,"Rock the Balboa!","Poland","Krakow","","https://rockthebalboa.com/","https://www.swingplanit.com/event/rock-the-balboa3",2026-02-22
"251","September 2026",25,129,"Swing Buzz Festival","Bulgaria","Sofia","","http://www.swingbuzz.eu","https://www.swingplanit.com/event/swing-buzz-festival2",2026-02-22
"252","September 2026",25,215,"Edinburgh Lindy Exchange","United Kingdom","Edinburgh","Exchange","https://www.edinburghlindyexchange.co.uk/","https://www.swingplanit.com/event/edinburgh-lindy-exchange12",2026-02-22
"253","September 2026",25,873,"Augsburg Balboa & Shag Festival","Germany","Augsburg","","https://www.augsburgbalboa.com","https://www.swingplanit.com/event/augsburg-balboa-shag-festival3",2026-02-22
"254","October 2026",2,191,"swingomania- Swing Loves Blues","Germany","Nuremberg","Teachers Confirmed","https://swingomania.lindymaniacs.de/en","https://www.swingplanit.com/event/swingomania-swing-loves-blues3",2026-02-22
"255","October 2026",2,212,"Oslo Balboa Weekend","Norway","Oslo","Teachers Confirmed","http://www.oslobalboaweekend.com","https://www.swingplanit.com/event/oslo-balboa-weekend11",2026-02-22
"256","October 2026",8,468,"Bcn Shag Festival - 12th edition","Spain","Barcelona","","http://www.bcn.shag.cat","https://www.swingplanit.com/event/bcn-shag-festival-12th-edition",2026-02-22
"257","October 2026",8,230,"Swingin’ Undermoon!","Spain","Valencia","","http://www.swingingundermoon.com","https://www.swingplanit.com/event/swingin-undermoon",2026-02-22
"258","October 2026",9,349,"Da Solo Jazz","Germany","Darmstadt","Teachers Confirmed","http://www.dasolojazz.com","https://www.swingplanit.com/event/da-solo-jazz",2026-02-22
"259","October 2026",9,587,"NY Lindy Exchange","United States","New York City","Exchange","https://www.nylindy.com/","https://www.swingplanit.com/event/ny-lindy-exchange2",2026-02-22
"260","October 2026",9,35,"Blues Juke Joint Weekend","Portugal","Porto","","https://bluesjukejointport.wixsite.com/bjjweekend","https://www.swingplanit.com/event/blues-juke-joint-weekend1",2026-02-22
"261","October 2026",9,31,"Why Not Aarhus Lindy Exchange","Denmark","Aarhus","Teachers Confirmed Exchange","https://aarhuslindyhoppers.dk/why-not-2026","https://www.swingplanit.com/event/why-not-aarhus-lindy-exchange6",2026-02-22
"262","October 2026",9,482,"Lindy Poh! Festival","Chile","Santiago","","http://www.lindypoh.cl","https://www.swingplanit.com/event/lindy-poh-festival1",2026-02-22
"263","October 2026",10,823,"Grand-Heidel-Bal","Germany","Heidelberg","","http://www.balboa-heidelberg.de","https://www.swingplanit.com/event/grand-heidel-bal1",2026-02-22
"264","October 2026",16,229,"Slow Bal-Love","Czech Republic","Prague","","https://balloveinc.wixsite.com/slow-bal-love","https://www.swingplanit.com/event/slow-bal-love",2026-02-22
"265","October 2026",16,316,"Broadway Swing","Germany","Magdeburg","Teachers Confirmed","https://broadway.swing39.de/","https://www.swingplanit.com/event/broadway-swing5",2026-02-22
"266","October 2026",16,120,"Breaking Bal: Balboa & Lindy Hop Weekend","United States","Santa Fe, New Mexico","Teachers Confirmed","https://santafebalboa.org/breaking-bal-2026/","https://www.swingplanit.com/event/breaking-bal-balboa-lindy-hop-weekend",2026-02-22
"267","October 2026",16,346,"Byron Bay Lindy Exchange","Australia","Byron Bay NSW","Exchange","http://www.byronbaylindyexchange.com.au","https://www.swingplanit.com/event/byron-bay-lindy-exchange1",2026-02-22
"268","October 2026",16,182,"Malmö Jumpin’ Fall","Sweden","MalmÃ¶","","http://www.jumpinfall.se/","https://www.swingplanit.com/event/malmoe-jumpin-fall1",2026-02-22
"269","October 2026",22,567,"Myotragus Swing Festival","Spain","Palmanova","","https://www.instagram.com/myotragus_fest/","https://www.swingplanit.com/event/myotragus-swing-festival1",2026-02-22
"270","October 2026",23,942,"20th Munich Balboa & Shag Weekend","Germany","Munich","","http://www.balboashag.de","https://www.swingplanit.com/event/20th-munich-balboa-shag-weekend",2026-02-22
"271","October 2026",23,591,"Queer Lindy Festival Cologne","Germany","Cologne","","http://www.queerlindycologne.de","https://www.swingplanit.com/event/queer-lindy-festival-cologne",2026-02-22
"272","October 2026",29,466,"Mainhatten Shuffle - Frankfurt Balboa Weekend","Germany","Frankfurt/Main","","http://www.shuffle.rmswing.de","https://www.swingplanit.com/event/mainhatten-shuffle-frankfurt-balboa-weekend3",2026-02-22
"273","October 2026",30,94,"Cambridge Lindy Exchange","United Kingdom","Cambridge","Exchange","http://www.cambridgeswingdance.com","https://www.swingplanit.com/event/cambridge-lindy-exchange9",2026-02-22
"274","October 2026",30,80,"Spooky Southern Blues","Australia","Adelaide","","https://swingdanceadelaide.com/southern-blues/","https://www.swingplanit.com/event/spooky-southern-blues",2026-02-22
"275","October 2026",30,342,"Boulevard blues","Belgium","Hasselt","Teachers Confirmed","http://www.boulevardblues.be","https://www.swingplanit.com/event/boulevard-blues5",2026-02-22
"276","November 2026",6,589,"Barcelona Balboa Festival - BBF","Spain","Barcelona","","https://www.barcelonabalboafestival.com/","https://www.swingplanit.com/event/barcelona-balboa-festival-bbf1",2026-02-22
"277","November 2026",6,128,"The Night Train Festival","Germany","Cologne","","http://www.groovestationcollective.de","https://www.swingplanit.com/event/the-night-train-festival",2026-02-22
"278","November 2026",13,515,"Lindy Academy","United Kingdom","Titchfield, Fareham","Teachers Confirmed","http://www.thelindyclub.co.uk","https://www.swingplanit.com/event/lindy-academy8",2026-02-22
"279","November 2026",20,147,"Autumn leaves the Pott","Germany","Dortmund","","http://www.lindypott.de","https://www.swingplanit.com/event/autumn-leaves-the-pott2",2026-02-22
"280","November 2026",20,135,"Hanoi Lindy Weekend","Viet Nam","Hanoi","","https://www.facebook.com/hanoilindyweekend","https://www.swingplanit.com/event/hanoi-lindy-weekend2",2026-02-22
"281","November 2026",27,368,"Da Shag","Germany","Darmstadt","Teachers Confirmed","http://www.sunnysideswing.de","https://www.swingplanit.com/event/da-shag1",2026-02-22
"282","November 2026",27,426,"Stir it!","Switzerland","Zurich","","http://www.stirit.ch","https://www.swingplanit.com/event/stir-it25",2026-02-22
"283","November 2026",27,521,"Breezy Swing Weekend","Thailand","Hua Hin","Exchange","https://www.instagram.com/breezy_swing/","https://www.swingplanit.com/event/breezy-swing-weekend",2026-02-22
"284","November 2026",28,160,"Jazz Break Weekend with Ari and Simon","Luxembourg","Luxembourg","Teachers Confirmed","https://jazzbreak.lu/ari-simon/","https://www.swingplanit.com/event/jazz-break-weekend-with-ari-and-simon",2026-02-22
"285","December 2026",11,622,"XmaSwing","Germany","Augsburg","","https://www.xmaswing.com","https://www.swingplanit.com/event/xmaswing10",2026-02-22
"286","January 2027",9,163,"Slow Balboa Weekend Munich 7th Edition","Germany","Munich","Competitions Held Teachers Confirmed","https://www.munichbalboa.de","https://www.swingplanit.com/event/slow-balboa-weekend-munich-7th-edition",2026-02-22
"287","February 2027",4,384,"Nubalboa","Spain","Madrid","","https://bigmamaswing.com/nubalboa","https://www.swingplanit.com/event/nubalboa8",2026-02-22
"288","February 2027",4,800,"20th Rock That Swing Festival","Germany","Munich","","http://www.rockthatswing.com","https://www.swingplanit.com/event/20th-rock-that-swing-festival",2026-02-22
"289","February 2027",6,138,"Lindy & Balboa Cruise from New Orleans to the Western Caribbean","United States","New Orleans, LA, Falmouth, Jamaica,Georgetown, Grand Cayman, Cozumel, Mexico","","https://lindycruise.com/","https://www.swingplanit.com/event/lindy-balboa-cruise-from-new-orleans-to-the-western-caribbean",2026-02-22
"290","February 2027",19,73,"All that Blues Festival","Germany","saarbrücken","Teachers Confirmed","http://www.allthatbluesfestival.de","https://www.swingplanit.com/event/all-that-blues-festival4",2026-02-22
