"","month","starting_date","views","name","country","cities","tags","websites","swingplanit_link","observation_date"
"1","February 2026",25,535,"Jazz Feet Weekend","Taiwan","Taipei","Teachers Confirmed","https://facebook.com/events/s/2026-jazz-feet-weekend/1534641837683662/","https://www.swingplanit.com/event/jazz-feet-weekend",2026-02-23
"2","February 2026",26,2944,"Leapin’ Lindy","Switzerland","Bern","","https://leapinlindy.ch/","https://www.swingplanit.com/event/leapin-lindy13",2026-02-23
"3","February 2026",26,1669,"Cocoa Blues & Fusion Exchange Barcelona","Spain","Barcelona","Exchange","http://www.cocoablux.com","https://www.swingplanit.com/event/cocoa-blues-fusion-exchange-barcelona7",2026-02-23
"4","February 2026",27,446,"Copenhagen Slow Balboa Festival","Denmark","Copenhagen","Teachers Confirmed","https://www.balboaswing.dk/copenhagen-slow-balboa-festival-2026/","https://www.swingplanit.com/event/copenhagen-slow-balboa-festival2",2026-02-23
"5","February 2026",27,1962,"University of Swing","United Kingdom","Edinburgh","Teachers Confirmed","https://www.facebook.com/EUSDS/?locale=en_GB","https://www.swingplanit.com/event/university-of-swing9",2026-02-23
"6","February 2026",27,500,"Vincenzo & Moe - Balboa & Lindy wkn in Helsinki","Finland","Helsinki","Teachers Confirmed","https://comets.fi/en/lindy-hop-and-balboa-with-vincenzo-moe/","https://www.swingplanit.com/event/vincenzo-moe-balboa-lindy-wkn-in-helsinki",2026-02-23
"7","February 2026",27,1426,"Swingin’ at the Savoy","United States","Oakland","","https://swinginatthesavoy.com/","https://www.swingplanit.com/event/swingin-at-the-savoy8",2026-02-23
"8","February 2026",27,1085,"Sofia Blues Festival","Bulgaria","Sofia","","https://sofiabluesfest.com/","https://www.swingplanit.com/event/sofia-blues-festival1",2026-02-23
"9","February 2026",27,400,"Blues Alive in Seoul","Korea, Republic Of","Seoul","Teachers Confirmed","http://www.bluesalive.net","https://www.swingplanit.com/event/blues-alive-in-seoul",2026-02-23
"10","February 2026",27,2776,"Pisa Swing Festival – Hop The Tower","Italy","Pisa","Teachers Confirmed","https://www.facebook.com/events/s/pisa-swing-festival-hop-the-to/707173791689172/?rdid=flrGDyRLoOIDaRO8#","https://www.swingplanit.com/event/pisa-swing-festival-hop-the-tower",2026-02-23
"11","February 2026",27,1410,"Slow Bal and Balboa Weekend Hamburg","Germany","Hamburg","Teachers Confirmed","http://www.newswinggeneration.de","https://www.swingplanit.com/event/slow-bal-and-balboa-weekend-hamburg",2026-02-23
"12","February 2026",27,446,"Hop Step Dance!","Japan","Nagaoka city & Niigata city, Niigata prefecture","Teachers Confirmed","https://fb.me/e/cgukdrYY2","https://www.swingplanit.com/event/hop-step-dance",2026-02-23
"13","February 2026",27,802,"Dayton Swing Smackdown","United States","Dayton, Ohio","Competitions Held","https://daytonswingsmackdown.com/","https://www.swingplanit.com/event/dayton-swing-smackdown4",2026-02-23
"14","March 2026",5,3530,"Berlin Balboa Weekend","Germany","Berlin","","http://www.berlinbalboaweekend.de","https://www.swingplanit.com/event/berlin-balboa-weekend13",2026-02-23
"15","March 2026",6,140,"Orø Shag Camp","Denmark","OrÃ¸","Teachers Confirmed","https://oroshagcamp2026.lovable.app/","https://www.swingplanit.com/event/or-shag-camp",2026-02-23
"16","March 2026",6,1514,"Fallin in Blues","France","Grenoble","","https://www.grenobleswing.com/page/939511-fallin-in-blues","https://www.swingplanit.com/event/fallin-in-blues7",2026-02-23
"17","March 2026",6,1842,"Bal’heim","Norway","Trondheim","Teachers Confirmed","https://ntnui.no/balheim/","https://www.swingplanit.com/event/balheim2",2026-02-23
"18","March 2026",6,1276,"Prague Lindy Hop Weekend","Czech Republic","Prague","Teachers Confirmed","http://www.swingmove.cz/lhw","https://www.swingplanit.com/event/prague-lindy-hop-weekend",2026-02-23
"19","March 2026",6,3022,"B.T.Switch","Germany","Darmstadt","","http://www.btswing.dance","https://www.swingplanit.com/event/b.t.switch2",2026-02-23
"20","March 2026",6,1001,"LISA - Ljubljana International Swing Academy","Slovenia","Ljubljana","Teachers Confirmed","http://www.vintage-lisa.com","https://www.swingplanit.com/event/lisa-ljubljana-international-swing-academy4",2026-02-23
"21","March 2026",6,1823,"Big City Blues","Belgium","Ghent","","https://www.bigcityblues.be/","https://www.swingplanit.com/event/big-city-blues5",2026-02-23
"22","March 2026",6,222,"Lindy Workshop with Coline Avril and Claudia Fonte","Denmark","Aarhus","Teachers Confirmed","https://aarhuslindyhoppers.dk/coline-claudia","https://www.swingplanit.com/event/lindy-workshop-with-coline-avril-and-claudia-fonte",2026-02-23
"23","March 2026",7,129,"Ottawa Swing Exchange","Canada","Ottawa","Teachers Confirmed","https://vintage-vibe-events.square.site/ottawa-swing-exchange-2026","https://www.swingplanit.com/event/ottawa-swing-exchange",2026-02-23
"24","March 2026",7,664,"Swing Cat Strut","United Kingdom","Chester, Cheshire","Teachers Confirmed","https://www.cheshireswingcats.com/events/2026-swing-cat-strut","https://www.swingplanit.com/event/swing-cat-strut2",2026-02-23
"25","March 2026",7,433,"Jazz Break Weekend with Astrid and Sander","Luxembourg","Luxembourg","Teachers Confirmed","https://jazzbreak.lu/astrid-sander/","https://www.swingplanit.com/event/jazz-break-weekend-with-astrid-and-sander",2026-02-23
"26","March 2026",12,724,"Retro Weekend Festival","Poland","Warsaw","Teachers Confirmed","https://retroweekend.pl/","https://www.swingplanit.com/event/retro-weekend-festival9",2026-02-23
"27","March 2026",12,1393,"Lindyfest - The Great Southwest","United States","Houston, TX","Teachers Confirmed","http://www.lindyfest.org","https://www.swingplanit.com/event/lindyfest-the-great-southwest1",2026-02-23
"28","March 2026",13,2845,"Roma Balboa Weekend","Italy","Rome","Teachers Confirmed","http://www.romabalboaweekend.com","https://www.swingplanit.com/event/roma-balboa-weekend9",2026-02-23
"29","March 2026",13,1197,"Swing Art Festival","France","Bordeaux","Teachers Confirmed","https://swingartfestival.fr/en/home-2/","https://www.swingplanit.com/event/swing-art-festival1",2026-02-23
"30","March 2026",13,872,"Vietnam Lindy Exchange","Viet Nam","Hoi An","Exchange","http://www.thevlx.net","https://www.swingplanit.com/event/vietnam-lindy-exchange9",2026-02-23
"31","March 2026",13,249,"Pingoletus (LindyJotter Festival)","Spain","Zaragoza","Teachers Confirmed","https://swingon.es/pingoletus-swing-festival-26/","https://www.swingplanit.com/event/pingoletus-lindyjotter-festival",2026-02-23
"32","March 2026",14,1876,"Battle AJT","France","Paris","Teachers Confirmed","http://www.battle-ajt.com/","https://www.swingplanit.com/event/battle-ajt",2026-02-23
"33","March 2026",14,257,"Double or Nothing","Netherlands","Utrecht & Amsterdam","Teachers Confirmed","https://www.thebluesjoint.dance ","https://www.swingplanit.com/event/double-or-nothing",2026-02-23
"34","March 2026",14,68,"Cordon Blues Festival 2","France","Caen","Teachers Confirmed","https://www.caencaswing.fr/stages/cordon-blues-2026/","https://www.swingplanit.com/event/cordon-blues-festival-2",2026-02-23
"35","March 2026",16,931,"Mozambique Afro Swing Exchange","Mozambique","Maputo, Mozambique","Teachers Confirmed","www.masx.org","https://www.swingplanit.com/event/mozambique-afro-swing-exchange1",2026-02-23
"36","March 2026",19,1160,"Swingin’ Spring","Sweden","Gothenburg","Teachers Confirmed","http://www.swinginspring.se","https://www.swingplanit.com/event/swingin-spring8",2026-02-23
"37","March 2026",20,732,"Aberdeen’s Hop Potato","United Kingdom","Aberdeen","Teachers Confirmed","https://www.instagram.com/auswingsoc/","https://www.swingplanit.com/event/aberdeens-hop-potato",2026-02-23
"38","March 2026",20,2122,"Fast Feet Charlie","Germany","Karlsruhe","Teachers Confirmed","https://fastfeetcharlie.de","https://www.swingplanit.com/event/fast-feet-charlie3",2026-02-23
"39","March 2026",20,282,"The Blues’ Timing","Italy","Florence","Teachers Confirmed","https://swingstudio22.it/festival-swing-firenze/the-blues-timing-firenze-2026/","https://www.swingplanit.com/event/the-blues-timing4",2026-02-23
"40","March 2026",20,122,"Christian and Natalia Omaha Weekend","United States","Omaha, NE","Teachers Confirmed","https://omahajitterbugs.square.site/christian-and-natalia-weekend","https://www.swingplanit.com/event/christian-and-natalia-omaha-weekend",2026-02-23
"41","March 2026",20,2792,"Vienna Balboa & Laminu Experience","Austria","Vienna","Teachers Confirmed","https://balboa-baby.at/vble","https://www.swingplanit.com/event/vienna-balboa-laminu-experience7",2026-02-23
"42","March 2026",20,261,"Groovin’ Blues Experience","Germany","Wiesbaden - Biebrich","Teachers Confirmed","https://fxx7.short.gy/TGB_Experience2026","https://www.swingplanit.com/event/groovin-blues-experience",2026-02-23
"43","March 2026",20,1552,"Ljubljana Bunny Hop","Slovenia","Ljubljana","Teachers Confirmed","https://bunnyhopljubljana.com/","https://www.swingplanit.com/event/ljubljana-bunny-hop1",2026-02-23
"44","March 2026",20,1414,"Bad Wild Bad Hop","Germany","Bad Wildbad","Teachers Confirmed","https://badwildbadhop.swingdance.services/","https://www.swingplanit.com/event/bad-wild-bad-hop",2026-02-23
"45","March 2026",20,1513,"Swing Sanctuary","United Kingdom","Cambridge","Teachers Confirmed","https://www.cambridgeswingdance.com/events","https://www.swingplanit.com/event/swing-sanctuary7",2026-02-23
"46","March 2026",20,1110,"RoffaShag","Netherlands","Rotterdam","Teachers Confirmed","https://www.swinginrhythm.nl/roffa-shag-2026","https://www.swingplanit.com/event/roffashag1",2026-02-23
"47","March 2026",20,2441,"The Blues’ Timing","Italy","Florence","","https://swingstudio22.it/festival-swing-firenze/the-blues-timing-firenze-2025/","https://www.swingplanit.com/event/the-blues-timing3",2026-02-23
"48","March 2026",20,1313,"Niigata Swing Weekend","Japan","Niigata","Teachers Confirmed","https://niigataswingweekend.my.canva.site/","https://www.swingplanit.com/event/niigata-swing-weekend1",2026-02-23
"49","March 2026",20,438,"Klara & Cam in Athens!","Greece","Athens","Teachers Confirmed","https://fb.me/e/5y2Fq1in6","https://www.swingplanit.com/event/klara-cam-in-athens",2026-02-23
"50","March 2026",20,1296,"Vintage Swing Party Vol IV","Denmark","Sonderborg","Teachers Confirmed","http://www.sonderborglindyhoppers.dk","https://www.swingplanit.com/event/vintage-swing-party-vol-iv",2026-02-23
"51","March 2026",20,376,"Lindytopia","Australia","Perth","Teachers Confirmed","http://www.swingtopiadance.com/lindytopia-perth","https://www.swingplanit.com/event/lindytopia",2026-02-23
"52","March 2026",20,773,"Duke’s Blues","Luxembourg","Luxembourg","Teachers Confirmed","https://www.swingdance.lu/dukes-blues-2026/","https://www.swingplanit.com/event/dukes-blues2",2026-02-23
"53","March 2026",20,498,"Swing Night in Canada","Canada","Hamilton","Teachers Confirmed","http://www.mapleleafragevent.com/snic","https://www.swingplanit.com/event/swing-night-in-canada1",2026-02-23
"54","March 2026",20,942,"30 Years of Edinburgh Swing Dance Society","United Kingdom","Edinburgh","Teachers Confirmed","http://www.esds.org.uk/30th-anniversary","https://www.swingplanit.com/event/30-years-of-edinburgh-swing-dance-society",2026-02-23
"55","March 2026",20,1223,"Meet The Music","France","Toulouse","","http://www.studiohop.com","https://www.swingplanit.com/event/meet-the-music1",2026-02-23
"56","March 2026",21,291,"ELEF Balboa Weekend Munich","Germany","Munich","Teachers Confirmed","https://www.munichbalboa.de","https://www.swingplanit.com/event/elef-balboa-weekend-munich",2026-02-23
"57","March 2026",21,331,"Intensive Lindy Hop Weekend with María & Aurélien","Germany","Munich","Teachers Confirmed","https://www.boogie-baeren.de/eventleser/intensive-lindy-hop-weekend-with-maria-aurelien","https://www.swingplanit.com/event/intensive-lindy-hop-weekend-with-maria-aurelien",2026-02-23
"58","March 2026",26,1940,"Bosphorus Swing Festival","Turkey","Istanbul","Teachers Confirmed","https://www.bosphorusswingfest.com/","https://www.swingplanit.com/event/bosphorus-swing-festival1",2026-02-23
"59","March 2026",27,2770,"Sweet Bal Weekend (Slow Bal & Balboa)","Germany","Augsburg","Teachers Confirmed","http://www.augsburgbalboa.com","https://www.swingplanit.com/event/sweet-bal-weekend-slow-bal-balboa1",2026-02-23
"60","March 2026",27,1550,"Bal Spring Break","United Kingdom","Bournemouth","Teachers Confirmed","https://spring.balbreak.co.uk/","https://www.swingplanit.com/event/bal-spring-break3",2026-02-23
"61","March 2026",27,779,"Meet in the Middle","Canada","Kingston, Ontario","","https://mitm2026.my.canva.site/","https://www.swingplanit.com/event/meet-in-the-middle2",2026-02-23
"62","March 2026",27,834,"Backdoor to Blues","France","Paris","Teachers Confirmed","https://www.leschatonsswingueurs.tf/cours-et-activites-a-paris-swing-lindy-hop-solo-jazz-charleston-blues/backdoor-to-blues-2026","https://www.swingplanit.com/event/backdoor-to-blues3",2026-02-23
"63","March 2026",27,1346,"Lindy Hop Special with Nils & Bianca","Netherlands","msterdam","Teachers Confirmed","https://www.facebook.com/events/768150432849829?acontext=%7B%22event_action_history%22%3A[%7B%22surface%22%3A%22home%22%7D%2C%7","https://www.swingplanit.com/event/lindy-hop-special-with-nils-bianca",2026-02-23
"64","March 2026",27,1060,"River City Mess Around","United States","St. Louis, Missouri","Exchange","https://www.rivercityswingout.com/rcma","https://www.swingplanit.com/event/river-city-mess-around2",2026-02-23
"65","March 2026",27,610,"Swing It Konstanz","Germany","Konstanz","Teachers Confirmed","https://www.swing-it-konstanz.de/","https://www.swingplanit.com/event/swing-it-konstanz5",2026-02-23
"66","March 2026",27,1318,"Fast Feet Fest","United Kingdom","Glasgow","Teachers Confirmed","https://www.glasgowlindyhoppers.co.uk","https://www.swingplanit.com/event/fast-feet-fest4",2026-02-23
"67","March 2026",27,1224,"Jurassic Bal","Australia","Canberra","","http://www.jurassicbal.com","https://www.swingplanit.com/event/jurassic-bal2",2026-02-23
"68","March 2026",27,208,"Humboldt Spring Swing Dance Workshop","United States","Arcata, California","Teachers Confirmed","https://www.lostcoastlindy.com/events","https://www.swingplanit.com/event/humboldt-spring-swing-dance-workshop1",2026-02-23
"69","March 2026",28,245,"Hummel Hummel - Blues Blues","Germany","Hamburg","Teachers Confirmed","https://www.newswinggeneration.de/28-29-03-2026-hummel-hummel-blues-blues-workshop-mit-dexter-santos/","https://www.swingplanit.com/event/hummel-hummel-blues-blues",2026-02-23
"70","April 2026",1,3259,"Barswingona","Spain","Barcelona","Teachers Confirmed","http://www.barswingona.com","https://www.swingplanit.com/event/barswingona7",2026-02-23
"71","April 2026",2,313,"Fly to the Moon - slow dance festival (5th edition)","Czech Republic","Ostrava, Czechia","Teachers Confirmed","https://swingville.cz/registration/fly-to-the-moon_26/","https://www.swingplanit.com/event/fly-to-the-moon-slow-dance-festival-5th-edition",2026-02-23
"72","April 2026",2,538,"Asia Balboa eXchange D&F","Korea, Republic Of","Seoul","Teachers Confirmed","https://asiabalboa.com","https://www.swingplanit.com/event/asia-balboa-exchange-df",2026-02-23
"73","April 2026",2,2686,"Paris Jazz Roots","France","Paris","","https://www.jazzroots.fr/","https://www.swingplanit.com/event/paris-jazz-roots",2026-02-23
"74","April 2026",3,1803,"IsThereHop?","Switzerland","Zurich","Teachers Confirmed","http://www.istherehop.ch/","https://www.swingplanit.com/event/istherehop6",2026-02-23
"75","April 2026",3,241,"Cheltenham Swing Dance Hop","United Kingdom","Bishops Cleeve, Cheltenham","Teachers Confirmed","https://cheltenhamswing.dance/csdhop","https://www.swingplanit.com/event/cheltenham-swing-dance-hop",2026-02-23
"76","April 2026",4,192,"Lindy and Balboa Cruise to the Eastern Caribbean","United States","Orlando, FL > Grand Turk > San Juan, Puerto Rico > St. Maarten > St. Thomas","Teachers Confirmed","https://lindycruise.com/","https://www.swingplanit.com/event/lindy-and-balboa-cruise-to-the-eastern-caribbean",2026-02-23
"77","April 2026",9,2985,"Spring Lindy Weekend","Spain","Pamplona","","http://www.springlindyweekend.es","https://www.swingplanit.com/event/spring-lindy-weekend8",2026-02-23
"78","April 2026",9,651,"Portland Lindy Exchange (PDXLX)","United States","Portland, OR","","https://www.portlandlindysociety.com/pdxlx","https://www.swingplanit.com/event/portland-lindy-exchange-pdxlx1",2026-02-23
"79","April 2026",9,428,"Sevilla Swing Festival","Spain","Seville","Teachers Confirmed","https://forms.gle/3REPFA4aGbc8JLbv6","https://www.swingplanit.com/event/sevilla-swing-festival2",2026-02-23
"80","April 2026",9,2881,"Alpine Jitterbugs - Shag n Bal 2026","Austria","Innsbruck","","http://www.alpinejitterbugs.com","https://www.swingplanit.com/event/alpine-jitterbugs-shag-n-bal-2026",2026-02-23
"81","April 2026",10,440,"Prague Swing Spring Festival","Czech Republic","Prague","Teachers Confirmed","https://pragueswingfestivals.com","https://www.swingplanit.com/event/prague-swing-spring-festival1",2026-02-23
"82","April 2026",10,1609,"Jump Up North Festival","Germany","Hamburg","Teachers Confirmed","http://www.jumpupnorth.com/","https://www.swingplanit.com/event/jump-up-north-festival",2026-02-23
"83","April 2026",10,1095,"ESpanish Blues Festival Spring edition","Spain","Madrid","Teachers Confirmed","https://www.espanishblues.com/event-info.html","https://www.swingplanit.com/event/espanish-blues-festival-spring-edition2",2026-02-23
"84","April 2026",10,2105,"Sicilian SwingAge Festival","Italy","Palermo","Teachers Confirmed","https://www.sicilianswingagefestival.com/","https://www.swingplanit.com/event/sicilian-swing-festival",2026-02-23
"85","April 2026",10,1938,"Kind Of A Big Deal Weekend","United States","Boston, Massachusetts","","https://kindofbigdealweekend.blogspot.com","https://www.swingplanit.com/event/kind-of-a-big-deal-weekend7",2026-02-23
"86","April 2026",10,871,"O’Slow","Norway","Oslo","Teachers Confirmed","https://oslow.bardarswingclub.no/","https://www.swingplanit.com/event/oslow3",2026-02-23
"87","April 2026",11,1480,"The Pulse","Ireland","Cork","Teachers Confirmed","https://www.swingdancecork.com/thepulsefestival","https://www.swingplanit.com/event/the-pulse1",2026-02-23
"88","April 2026",11,1033,"Nice Swing Festival","France","Nice","Teachers Confirmed","https://sites.google.com/view/swinginnice/evenements-swing-nice/nice-swing-festival?authuser=0","https://www.swingplanit.com/event/nice-swing-festival3",2026-02-23
"89","April 2026",16,1667,"Come Around The Pott","Germany","Dortmund","Teachers Confirmed","http://www.lindypott.de","https://www.swingplanit.com/event/come-around-the-pott",2026-02-23
"90","April 2026",16,1958,"Bal Wave - Balboa & Slow Bal Festival","Italy","Catania","Teachers Confirmed","https://www.bal-wave.com/","https://www.swingplanit.com/event/bal-wave-balboa-slow-bal-festival",2026-02-23
"91","April 2026",17,410,"The Blues Harbour","Sweden","Gothenburg","Teachers Confirmed","https://thebluesharbour.se/","https://www.swingplanit.com/event/the-blues-harbour",2026-02-23
"92","April 2026",17,885,"Tiny Balboa","France","Grenoble","Teachers Confirmed","https://www.grenobleswing.com/page/1692255-tiny-balboa","https://www.swingplanit.com/event/tiny-balboa7",2026-02-23
"93","April 2026",17,1582,"Open the Arts Festival","Germany","Saarlouis","","https://www.openthearts.de/","https://www.swingplanit.com/event/open-the-arts-festival1",2026-02-23
"94","April 2026",17,1771,"Swing Train Festival - VII Edition","Italy","Turin","Teachers Confirmed","https://www.dustyjazz.it/it/eventi/swing-train-festival-202604172000","https://www.swingplanit.com/event/swing-train-festival-vii-edition",2026-02-23
"95","April 2026",17,939,"StALX (St Andrews Lindy Exchange)","United Kingdom","St Andrews","Exchange","https://stalx.my.canva.site/","https://www.swingplanit.com/event/st-andrews-lindy-exchange",2026-02-23
"96","April 2026",17,335,"Santa Cruz Swing Festival","United States","Santa Cruz","Teachers Confirmed","http://www.santacruzswingfest.com","https://www.swingplanit.com/event/santa-cruz-swing-festival",2026-02-23
"97","April 2026",17,1800,"Swingin’ by the Sound","United States","Port Townsend, Washington","Teachers Confirmed","https://www.swinginbythesound.com/","https://www.swingplanit.com/event/swingin-by-the-sound4",2026-02-23
"98","April 2026",17,1096,"Gentse Hoppers Exchange","Belgium","Ghent","Exchange","https://www.gentsehoppersexchange.com","https://www.swingplanit.com/event/gentse-hoppers-exchange7",2026-02-23
"99","April 2026",17,152,"Bubble City Bash","United States","Urbana-Champaign, IL","","https://www.illiniswing.org/bubble-city-bash-2026-about","https://www.swingplanit.com/event/bubble-city-bash4",2026-02-23
"100","April 2026",17,355,"Florence Swing Weekend","Italy","Florence","Teachers Confirmed","https://www.lindyhopinflorence.com/it/eventi-florence-swing-weekend-17-18-19-aprile-2026.html","https://www.swingplanit.com/event/florence-swing-weekend",2026-02-23
"101","April 2026",17,1012,"Back to Jitterbug","France","Lyon","Teachers Confirmed","http://www.backtojitterbug.com","https://www.swingplanit.com/event/back-to-jitterbug1",2026-02-23
"102","April 2026",18,189,"Rhythm Trinity","Germany","Berlin","","https://www.instagram.com/rhythm.trinity/","https://www.swingplanit.com/event/rhythm-trinity1",2026-02-23
"103","April 2026",23,1694,"Sitges Balboa Beach","Spain","Sitges","","http://www.sitgesbalboabeach.com","https://www.swingplanit.com/event/sitges-balboa-beach7",2026-02-23
"104","April 2026",23,650,"Menorca Lindy Exchange","Spain","Ciutadella de Menorca","Teachers Confirmed Exchange","http://www.menorcalindyexchange.com","https://www.swingplanit.com/event/menorca-lindy-exchange1",2026-02-23
"105","April 2026",24,2109,"Swingcake Balboa Workshop","Germany","Tübingen","Teachers Confirmed","http://www.swingcaketuebingen.de","https://www.swingplanit.com/event/swingcake-balboa-workshop",2026-02-23
"106","April 2026",24,2074,"Swingin’ Spring Weekend Dresden","Germany","Dresden","Teachers Confirmed","https://dresden-hepcats.de/workshops-de/new-workshops-de/new-workshop-details-de/ssw-2026-04-24","https://www.swingplanit.com/event/swingin-spring-weekend-dresden",2026-02-23
"107","April 2026",24,2347,"Krak The Shag¡ Hola Balboa!","Poland","Krakow","Teachers Confirmed","https://kraktheshag.com/","https://www.swingplanit.com/event/krak-the-shag-hola-balboa5",2026-02-23
"108","April 2026",24,571,"DC Lindy Exchange","United States","Washington DC","Exchange","https://dclx.org/","https://www.swingplanit.com/event/dc-lindy-exchange",2026-02-23
"109","April 2026",24,81,"Swinging Weekender Schwerin","Germany","Schwerin","Teachers Confirmed","http://www.swinging-weekender.de","https://www.swingplanit.com/event/swinging-weekender-schwerin",2026-02-23
"110","April 2026",24,401,"Shag in the Air","Sweden","Linköping ","Teachers Confirmed","https://www.airswing.se/shag-in-the-air-2026-24-26-april/","https://www.swingplanit.com/event/shag-in-the-air",2026-02-23
"111","April 2026",24,264,"Swing do Fou 7","France","Cholet","Teachers Confirmed","https://swingdufou.com/","https://www.swingplanit.com/event/swing-do-fou-7",2026-02-23
"112","April 2026",25,194,"Footwork goes Sideways","Switzerland","Lucerne","Teachers Confirmed","https://www.footwork.ch/sideways-26","https://www.swingplanit.com/event/footwork-goes-sideways1",2026-02-23
"113","April 2026",26,276,"Peniscola Swingin’","Spain","Peniscola","Teachers Confirmed","http://www.vacancesdanses.com/peniscola-swingin/","https://www.swingplanit.com/event/peniscola-swingin",2026-02-23
"114","April 2026",30,134,"Blues Playground","Belgium","Beersel","","http://www.bluesplayground.com/","https://www.swingplanit.com/event/blues-playground",2026-02-23
"115","April 2026",30,963,"Mosel Hop - let’s swing out at a real count castle","Germany","Diez","Teachers Confirmed","https://www.moselhop.de/","https://www.swingplanit.com/event/mosel-hop-lets-swing-out-at-a-real-count-castle",2026-02-23
"116","April 2026",30,568,"III Canarias Balboa Exchange","Spain","Gran Canaria","Exchange","https://buytickets.at/mojoswingcanarias/1980415","https://www.swingplanit.com/event/canarias-balboa-exchange1",2026-02-23
"117","April 2026",30,243,"Bounce Swing Festival","Italy","Chioggia (Venice)","Teachers Confirmed","http://www.bounceswingfestival.com","https://www.swingplanit.com/event/bounce-swing-festival6",2026-02-23
"118","April 2026",30,1739,"Lazy River","Austria","Vienna","Teachers Confirmed","http://www.lazyriverfestival.com","https://www.swingplanit.com/event/lazy-river2",2026-02-23
"119","May 2026",1,1548,"Downtown Jazz Jam","United Kingdom","London","Teachers Confirmed","https://downtownjazzjam.uk","https://www.swingplanit.com/event/downtown-jazz-jam",2026-02-23
"120","May 2026",1,1445,"Minor Swing","Sweden","Gothenburg","Teachers Confirmed","http://www.minorswing.se","https://www.swingplanit.com/event/minor-swing7",2026-02-23
"121","May 2026",1,439,"Frankie 112","Malaysia","Kuala Lumpur","","http://www.frankie11x.com","https://www.swingplanit.com/event/frankie-112",2026-02-23
"122","May 2026",1,680,"Spread the Shag","Germany","Konstanz","Teachers Confirmed","https://www.swinginkonstanz.de/?page_id=3386","https://www.swingplanit.com/event/spread-the-shag1",2026-02-23
"123","May 2026",1,2169,"Come Around Balboa Weekend","Hungary","Szekesfehervar","Teachers Confirmed","https://www.comearound-balboaweekend.hu/en/","https://www.swingplanit.com/event/come-around-balboa-weekend3",2026-02-23
"124","May 2026",1,103,"Slow Balboa Weekend","Canada","Vancouver","Teachers Confirmed","https://www.facebook.com/events/1412022960254222","https://www.swingplanit.com/event/slow-balboa-weekend1",2026-02-23
"125","May 2026",1,173,"Sense Balboa","Bulgaria","Sofia","Teachers Confirmed","https://www.instagram.com/sense.balboa/","https://www.swingplanit.com/event/sense-balboa",2026-02-23
"126","May 2026",1,296,"Montreal Bagel & Blues","Canada","Montreal","","https://www.bagelandblues.com/","https://www.swingplanit.com/event/montreal-bagel-blues",2026-02-23
"127","May 2026",2,152,"Mood for Swing","Japan","Tokyo","Teachers Confirmed","http://swing-jack.com/2026mfs.html","https://www.swingplanit.com/event/mood-for-swing7",2026-02-23
"128","May 2026",4,554,"NYC Bal Week","United States","New York City","Teachers Confirmed","http://www.balweek.com","https://www.swingplanit.com/event/nyc-bal-week",2026-02-23
"129","May 2026",7,957,"The BRUX - Brussels Exchange","Belgium","Brussels","Exchange","https://www.thebrux.be","https://www.swingplanit.com/event/the-brux-brussels-exchange1",2026-02-23
"130","May 2026",7,737,"Paris Spring Balboa","France","Paris","Teachers Confirmed","http://www.parisbalboa.fr","https://www.swingplanit.com/event/paris-spring-balboa",2026-02-23
"131","May 2026",7,198,"Boogie Explosion 10 Years Anniversary","Greece","Athens","Teachers Confirmed","https://www.facebook.com/share/1CojHikZqC/","https://www.swingplanit.com/event/boogie-explosion-10-years-anniversary",2026-02-23
"132","May 2026",8,91,"CRB Taipei - Cross Road Blues","Taiwan","Taipei","","https://www.instagram.com/crossroads_blues_asia?igsh=anVvc3B6eGJ5bG5u","https://www.swingplanit.com/event/crb-taipei-cross-road-blues",2026-02-23
"133","May 2026",8,599,"Maytime Mess Around","United Kingdom","Titchfield, Fareham","Teachers Confirmed","http://www.thelindyclub.co.uk","https://www.swingplanit.com/event/maytime-mess-around10",2026-02-23
"134","May 2026",8,597,"Paris Midnight Blues","France","Paris","Teachers Confirmed","http://www.parismidnightblues.com","https://www.swingplanit.com/event/paris-midnight-blues6",2026-02-23
"135","May 2026",8,110,"Lindy Fiesta 9,5","Germany","Hamburg","Teachers Confirmed","https://www.newswinggeneration.de/07-09-mai-2026-lindy-fiesta-95/","https://www.swingplanit.com/event/lindy-fiesta-95",2026-02-23
"136","May 2026",8,452,"Balboa in Bergen, with Anni & Gasper","Norway","Bergen","Teachers Confirmed","https://fb.me/e/avGBMcngp","https://www.swingplanit.com/event/balboa-in-bergen-with-anni-gasper",2026-02-23
"137","May 2026",8,1177,"Uptown Rhythm","Lithuania","Vilnius","Teachers Confirmed","https://uptownrhythm.lt","https://www.swingplanit.com/event/uptown-rhythm7",2026-02-23
"138","May 2026",8,269,"All Slow Bal at the Livermead Cliff","United Kingdom","Torquay, Devon","Teachers Confirmed","https://www.slowbal.co.uk","https://www.swingplanit.com/event/all-slow-bal-at-the-livermead-cliff2",2026-02-23
"139","May 2026",8,223,"The Bridge - City Exchange","France","Toulouse","Teachers Confirmed Exchange","http://www.studiohop.com","https://www.swingplanit.com/event/the-bridge-city-exchange",2026-02-23
"140","May 2026",8,1309,"Yodel Hop","Austria","Ginzling, Zillertal, Tyrol, Austria","","http://www.yodelhop.at","https://www.swingplanit.com/event/yodel-hop",2026-02-23
"141","May 2026",8,407,"Smokey Feet","Netherlands","Amsterdam","Teachers Confirmed","http://www.smokeyfeet.nl","https://www.swingplanit.com/event/smokey-feet6",2026-02-23
"142","May 2026",9,101,"Skye & Frida in Istanbul","Turkey","Istanbul","Teachers Confirmed","https://www.instagram.com/cazdanskultur/","https://www.swingplanit.com/event/skye-frida-in-istanbul",2026-02-23
"143","May 2026",13,625,"9th Quattropole Swing Exchange","Germany","Luxembourg - Trier - Saarbrücken - Metz","Exchange","https://www.quattropole-swing.com/","https://www.swingplanit.com/event/9th-quattropole-swing-exchange",2026-02-23
"144","May 2026",14,127,"Stockholm Blues Fest: The retreat!","Sweden","Stockholm","Teachers Confirmed","https://swedishswing.se/stockholm-blues-fest/","https://www.swingplanit.com/event/stockholm-blues-fest-the-retreat",2026-02-23
"145","May 2026",15,116,"CSC Canadian Swing Championships","Canada","Montreal (Sherbrooke)","Teachers Confirmed","http://www.canadianswingchampionships.com","https://www.swingplanit.com/event/csc-canadian-swing-championships2",2026-02-23
"146","May 2026",15,496,"Great Lakes Shag Escape","United States","Chicago","Teachers Confirmed","http://www.greatlakesshagescape.com","https://www.swingplanit.com/event/great-lakes-shag-escape1",2026-02-23
"147","May 2026",15,1997,"Interamna Swing Festival","Italy","Terni","Teachers Confirmed","http://www.interamnaswing.com","https://www.swingplanit.com/event/interamna-swing-festival",2026-02-23
"148","May 2026",15,1040,"Garage Hoppers Festival","Italy","Genova","Teachers Confirmed","https://forms.gle/xpekcuQhbPXnBGi66","https://www.swingplanit.com/event/garage-hoppers-festival",2026-02-23
"149","May 2026",15,1121,"Portocolom Swing Festival","Spain","Portocolom, Felanitx, Illes Balears","","https://www.instagram.com/portocolom_swing_festival/","https://www.swingplanit.com/event/portocolom-swing-festival",2026-02-23
"150","May 2026",21,1542,"Madrid Swing Exchange","Spain","Madrid","Exchange","http://www.madridswingexchange.es/","https://www.swingplanit.com/event/madrid-swing-exchange1",2026-02-23
"151","May 2026",21,233,"Sofia Swing Dance Festival","Bulgaria","Sofia","Teachers Confirmed","https://sofiaswing.com/","https://www.swingplanit.com/event/sofia-swing-dance-festival10",2026-02-23
"152","May 2026",22,974,"BB-DanceCamp","Germany","Landsberg am Lech (close to Munich and Augsburg)","Teachers Confirmed","http://www.bb-dancecamp.com/en/home","https://www.swingplanit.com/event/bb-dancecamp7",2026-02-23
"153","May 2026",22,191,"Bodrum Lindy Weekend","Turkey","Bodrum","Teachers Confirmed","https://www.instagram.com/bodrumlindyweekend","https://www.swingplanit.com/event/bodrum-lindy-weekend",2026-02-23
"154","May 2026",22,321,"Frankie BA Festival","Argentina","Ciudad de Buenos Aires","","http://www.frankiebafestival.com.ar","https://www.swingplanit.com/event/frankie-ba-festival2",2026-02-23
"155","May 2026",22,1507,"Tallinn Swing Weekend","Estonia","Tallinn","Teachers Confirmed","http://www.tsweekend.ee","https://www.swingplanit.com/event/tallinn-swing-weekend9",2026-02-23
"156","May 2026",22,598,"Swing ohne Senf","Switzerland","St. Gallen","Teachers Confirmed","https://www.swingohnesenf.ch","https://www.swingplanit.com/event/swing-ohne-senf6",2026-02-23
"157","May 2026",22,160,"Camp Jitterbug","United States","Seattle, WA","","https://www.campjitterbug.com/","https://www.swingplanit.com/event/camp-jitterbug3",2026-02-23
"158","May 2026",22,234,"Brisbane Swing Thing","Australia","Brisbane","Teachers Confirmed Exchange","http://brisbaneswing.wordpress.com/","https://www.swingplanit.com/event/brisbane-swing-thing",2026-02-23
"159","May 2026",22,561,"Valencia Balboa Festival","Spain","Valencia","Teachers Confirmed","https://www.valenciabalboafestival.com/","https://www.swingplanit.com/event/valencia-balboa-festival1",2026-02-23
"160","May 2026",23,120,"SwouZy Blues","United States","Cincinnati","","https://www.supermurganati.com/swouzy-blues","https://www.swingplanit.com/event/swouzy-blues",2026-02-23
"161","May 2026",29,137,"Beet’n'Blues","Lithuania","Vilnius","Teachers Confirmed","https://bluesdance.lt/bnb26/","https://www.swingplanit.com/event/beetnblues1",2026-02-23
"162","May 2026",29,1125,"Spring Jam","United States","Minneapolis, MN","Teachers Confirmed","http://www.springjammpls.com","https://www.swingplanit.com/event/spring-jam",2026-02-23
"163","May 2026",29,905,"Back Home Again in Indiana","United States","Indianapolis, Indiana","Teachers Confirmed","https://www.backhomeagain.dance/","https://www.swingplanit.com/event/back-home-again1",2026-02-23
"164","May 2026",29,184,"Copenhagen Balboa Weekend Spring","Denmark","Copenhagen","Teachers Confirmed Exchange","https://www.balboaswing.dk/copenhagen-balboa-weekend-spring-2026-2/","https://www.swingplanit.com/event/copenhagen-balboa-weekend-spring2",2026-02-23
"165","May 2026",29,784,"Roffa Balboa Brew","Netherlands","Rotterdam","Teachers Confirmed","https://www.roffaswing.nl/events","https://www.swingplanit.com/event/roffa-balboa-brew1",2026-02-23
"166","May 2026",29,3714,"Sunny Slide Swing Fest","Italy","Silvi Marina - Italy","Teachers Confirmed","http://www.sunnyslideswingfest.com","https://www.swingplanit.com/event/sunny-slide-swing-fest2",2026-02-23
"167","May 2026",29,851,"Family Hop","Germany","Rothenfels (Spessart)","Teachers Confirmed","http://www.familyhop.de","https://www.swingplanit.com/event/family-hop2",2026-02-23
"168","May 2026",29,166,"Dipping Blues","France","Toulouse","Teachers Confirmed","http://www.studiohop.com","https://www.swingplanit.com/event/dipping-blues4",2026-02-23
"169","May 2026",29,228,"Hop’n Spring","France","BesanÃ§on","Teachers Confirmed","http://www.blindy.fr","https://www.swingplanit.com/event/hopn-spring1",2026-02-23
"170","May 2026",30,65,"Ryan Francois Weekender","United Kingdom","Bristol","Teachers Confirmed","https://fb.me/e/ciVtkMGWL","https://www.swingplanit.com/event/ryan-francois-wekender",2026-02-23
"171","June 2026",4,1991,"Lakedance","Germany","Konstanz","Teachers Confirmed Exchange","https://www.swing-ex-konstanz.de/","https://www.swingplanit.com/event/lakedance2",2026-02-23
"172","June 2026",5,216,"Zamora Swing Fest (ZSF)","Spain","Zamora","","http://www.swingzamora.es","https://www.swingplanit.com/event/zamora-swing-fest-zsf26",2026-02-23
"173","June 2026",5,1385,"Slow Flow","Spain","Madrid","","https://bigmamaswing.com/index.php/eventos/Festival_slow_Flow","https://www.swingplanit.com/event/slow-flow2",2026-02-23
"174","June 2026",5,1401,"Summer Tyne Swing","United Kingdom","Newcastle upon Tyne","Teachers Confirmed","https://swingtyne.com/summer-tyne-swing/","https://www.swingplanit.com/event/summer-tyne-swing",2026-02-23
"175","June 2026",5,1426,"Liesel Hop","Germany","Göttingen","Exchange","https://www.liesel-hop.de","https://www.swingplanit.com/event/liesel-hop",2026-02-23
"176","June 2026",5,43,"Down By The Riverside","Canada","Saint-Georges, Quebec, QC, Canada","Teachers Confirmed","https://www.lacabaneaswing.com/down-by-the-riverside","https://www.swingplanit.com/event/down-by-the-riverside4",2026-02-23
"177","June 2026",5,1909,"Spirit of swing festival Aix en Provence","France","Aix En Provence","Teachers Confirmed","http://www.spiritofswing.com","https://www.swingplanit.com/event/spirit-of-swing-festival-aix-en-provence",2026-02-23
"178","June 2026",5,180,"Swingin’ Cadí","Spain","La Seu d'Urgell","Teachers Confirmed","https://swingincadi.com/es/","https://www.swingplanit.com/event/swingin-cadi",2026-02-23
"179","June 2026",5,192,"Kats Weekend Salamanca - Vol.2","Spain","Salamanca","Teachers Confirmed","https://linktr.ee/helmantikats","https://www.swingplanit.com/event/kats-weekend-salamanca-vol.2",2026-02-23
"180","June 2026",6,1154,"Balboa Edition Grenoble Special","France","Grenoble","Teachers Confirmed","https://www.vinniekatswing.com","https://www.swingplanit.com/event/balboa-edition-grenoble-special",2026-02-23
"181","June 2026",6,327,"Junijazz & Lindyseilas","Norway","Oslo","","http://www.facebook.com/events/2057838131667484","https://www.swingplanit.com/event/junijazz-lindyseilas3",2026-02-23
"182","June 2026",8,2145,"Swingin the Bay","Greece","Chalkidiki","Teachers Confirmed","http://www.swinginthebay.com","https://www.swingplanit.com/event/swingin-the-bay3",2026-02-23
"183","June 2026",11,737,"Hepcats Festival- Istanbul","Turkey","Istanbul","Teachers Confirmed","http://www.hepcatsfestival.com","https://www.swingplanit.com/event/hepcats-festival",2026-02-23
"184","June 2026",12,869,"Swing Eruption - Catania Summer Fest","Italy","Catania, Sicily","Teachers Confirmed","https://www.danzofficina.com/swing-eruption/","https://www.swingplanit.com/event/swing-eruption-catania-summer-fest3",2026-02-23
"185","June 2026",12,701,"Oxford Lindy Exchange","United Kingdom","Oxford","Exchange","https://oxfordlindyexchange.com","https://www.swingplanit.com/event/oxford-lindy-exchange14",2026-02-23
"186","June 2026",12,1250,"Sendai Balboa Festival with Kate & David","Japan","Sendai","Teachers Confirmed","https://fb.me/e/9375RFEiF","https://www.swingplanit.com/event/sendai-balboa-festival-with-kate-david",2026-02-23
"187","June 2026",12,808,"Málaga Balboa Weekend","Spain","MÃ¡laga","Teachers Confirmed","https://www.facebook.com/Blue.SwingTorremolinos","https://www.swingplanit.com/event/malaga-balboa-weekend",2026-02-23
"188","June 2026",12,244,"Valencia Lindy Exchange with Jill De Muelenaere & Alex McCormack","Spain","Valencia","Teachers Confirmed","http://www.valencialindyhop.com","https://www.swingplanit.com/event/valencia-lindy-exchange-with-jill-de-muelenaere-alex-mccormack",2026-02-23
"189","June 2026",12,935,"Midsummer Swing","Latvia","Riga","Teachers Confirmed","https://www.midsummerswing.com/","https://www.swingplanit.com/event/midsummer-swing3",2026-02-23
"190","June 2026",18,147,"Trippin’ Blues Amsterdam","Netherlands","Amsterdam","","http://www.trippinblues.amsterdam","https://www.swingplanit.com/event/trippin-blues-amsterdam5",2026-02-23
"191","June 2026",19,1386,"Queer Swing Dance Exchange Zurich","Switzerland","Zurich","Teachers Confirmed Exchange","http://www.queerswingzurich.com","https://www.swingplanit.com/event/queer-swing-dance-exchange-zurich",2026-02-23
"192","June 2026",19,698,"Shake the Change Festival","Slovenia","Radovljica","Teachers Confirmed","https://shakethechange.si/","https://www.swingplanit.com/event/shake-the-change-festival3",2026-02-23
"193","June 2026",19,740,"Sugarville","Netherlands","Groningen","Teachers Confirmed","https://www.sugarvilleswing.nl/","https://www.swingplanit.com/event/sugarville3",2026-02-23
"194","June 2026",19,482,"Blues at the ‘Bridge","United Kingdom","Cambridge","Teachers Confirmed","https://facebook.com/events/s/blues-at-the-bridge-2026/2012741039485424/","https://www.swingplanit.com/event/blues-at-the-bridge4",2026-02-23
"195","June 2026",19,452,"The Blues Lab","Turkey","Cappadoccia","Teachers Confirmed","https://www.canva.com/design/DAGyes28AWA/ksBkCvBa1XLq5INsVH9PVw/view?utm_content=DAGyes28AWA&utm_campaign=designshare&utm_medium","https://www.swingplanit.com/event/the-blues-lab",2026-02-23
"196","June 2026",19,1732,"WGC Swing Festival","United Kingdom","Welwyn Garden City","","http://www.wgcvintagefestival.com","https://www.swingplanit.com/event/wgc-swing-festival",2026-02-23
"197","June 2026",19,162,"Montreal Bal Jam","Canada","Montreal","Teachers Confirmed","https://mtlbaljam.org/","https://www.swingplanit.com/event/montreal-bal-jam",2026-02-23
"198","June 2026",20,109,"Lindy Hop Intensive Weekend","Germany","Augsburg","Teachers Confirmed","https://hepcatclub.com/events/lindy-trainingslager/","https://www.swingplanit.com/event/lindy-hop-intensive-weekend2",2026-02-23
"199","June 2026",25,270,"a Little Swing - festival in Crete","Greece","Chania, Crete","Teachers Confirmed","http://www.alittleswing.org","https://www.swingplanit.com/event/a-little-swing-festival-in-crete2",2026-02-23
"200","June 2026",25,164,"Balboa Festival Shanghai","China","Shanghai","Teachers Confirmed","https://balboafestivalshanghai.com/","https://www.swingplanit.com/event/balboa-festival-shanghai3",2026-02-23
"201","June 2026",26,1384,"Humdinger","United Kingdom","Weston-super-Mare","","http://www.humdinger-events.com","https://www.swingplanit.com/event/humdinger",2026-02-23
"202","June 2026",26,261,"Lille dit Hop!","France","Lille","","https://www.lilotbalboa.fr/","https://www.swingplanit.com/event/lille-dit-hop2",2026-02-23
"203","June 2026",26,980,"Balboa Delight","Switzerland","Basel","","http://www.jitterbugsdelight.ch/balboa","https://www.swingplanit.com/event/balboa-delight4",2026-02-23
"204","June 2026",26,64,"Glasgow Swing Exchange","United Kingdom","Glasgow","Exchange","http://www.glasgowswingexchange.co.uk","https://www.swingplanit.com/event/glasgow-swing-exchange1",2026-02-23
"205","June 2026",26,398,"Infinity Swing Festival","Germany","Karlsruhe","","https://karlsruhe.tanz-loft.de/news/infinity-swing/","https://www.swingplanit.com/event/infinity-swing-festival",2026-02-23
"206","July 2026",3,1268,"What a Jazz summer camp","Lithuania","","Teachers Confirmed","http://www.whatajazz.lt","https://www.swingplanit.com/event/what-a-jazz-summer-camp3",2026-02-23
"207","July 2026",3,1294,"Midnight Sun Swing Festival","Finland","Helsinki","","http://www.midnightsunswing.fi/","https://www.swingplanit.com/event/midnight-sun-swing-festival",2026-02-23
"208","July 2026",4,1220,"Herrang Dance Camp Week 1","Sweden","Herrang","Teachers Confirmed","http://www.herrang.com","https://www.swingplanit.com/event/herrang-dance-camp-week-11",2026-02-23
"209","July 2026",10,776,"Slow Soirée- Brisbane Slow Dance Exchange","Australia","Brisbane","","https://slowsoiree.com.au/","https://www.swingplanit.com/event/slow-soiree-brisbane-slow-dance-exchange",2026-02-23
"210","July 2026",10,2342,"Slow Dance Soirée","United States","Rochester NY","","https://www.slowdancesoiree.com/","https://www.swingplanit.com/event/slow-dance-soiree5",2026-02-23
"211","July 2026",10,184,"Shag Summer Camp","United States","Irvine, CA","Teachers Confirmed","http://www.shagsummercamp.com","https://www.swingplanit.com/event/shag-summer-camp2",2026-02-23
"212","July 2026",11,980,"Herrang Dance Camp Week 2","Sweden","Sweden","Teachers Confirmed","https://www.herrang.com/","https://www.swingplanit.com/event/herrang-dance-camp-week-21",2026-02-23
"213","July 2026",12,270,"Mopao Swing Holidays","Spain","Santa susanna","Teachers Confirmed","http://www.mopao-swing-holidays.com","https://www.swingplanit.com/event/mopao-swing-holidays2",2026-02-23
"214","July 2026",17,1750,"BTX","Japan","Tokyo","Exchange","https://www.instagram.com/balboaintokyo/?utm_source=ig_web_button_share_sheet&igsh=ZjEwM3BiNWE4OHlm#","https://www.swingplanit.com/event/btx",2026-02-23
"215","July 2026",17,46,"San Diego Balboa and Lindy Exchange","United States","San Diego","Exchange","http://www.sdblx.org","https://www.swingplanit.com/event/san-diego-balboa-and-lindy-exchange3",2026-02-23
"216","July 2026",18,792,"Herrang Dance Camp Week 3","Sweden","Herrang","Teachers Confirmed","http://www.herrang.com","https://www.swingplanit.com/event/herrang-dance-camp-week-31",2026-02-23
"217","July 2026",24,508,"Winter Swing Festival","Australia","Hobart","Exchange","http://www.tasswing.com.au","https://www.swingplanit.com/event/winter-swing-festival6",2026-02-23
"218","July 2026",24,547,"Northwest Balboa Festival","United States","Seattle","","https://northwestbalboafestival.com/","https://www.swingplanit.com/event/northwest-balboa-festival8",2026-02-23
"219","July 2026",25,377,"Blues Dose Retreat","Czech Republic","near Brno","Teachers Confirmed","https://bluesdose.cz/retreat-2026/","https://www.swingplanit.com/event/blues-dose-retreat1",2026-02-23
"220","July 2026",25,866,"Herrang Dance Camp Week 4","Sweden","Herrang","Teachers Confirmed","http://www.herrang.com","https://www.swingplanit.com/event/herrang-dance-camp-week-41",2026-02-23
"221","July 2026",29,2096,"Novelläng - Swing in the Amalfi Coast","Italy","Tramonti (SA)","Teachers Confirmed","http://www.novellangswingcamp.com","https://www.swingplanit.com/event/novellaeng-swing-in-the-amalfi-coast",2026-02-23
"222","August 2026",1,980,"Family Blues Camp","Italy","Tuscany","Teachers Confirmed","https://familybluescamp.ch/","https://www.swingplanit.com/event/family-blues-camp",2026-02-23
"223","August 2026",7,719,"Flower City Swing & Blues Exchange","United States","Rochester, NY","Exchange","http://www.flowercityswingblues.com","https://www.swingplanit.com/event/flower-city-swing-blues-exchange",2026-02-23
"224","August 2026",13,126,"Bluesila","Lithuania","70 km from Vilnius","Teachers Confirmed","https://fb.me/e/7cWRaT2wc","https://www.swingplanit.com/event/bluesila6",2026-02-23
"225","August 2026",14,373,"Bal-love","Czech Republic","Prague","Teachers Confirmed","https://www.bal-love.com","https://www.swingplanit.com/event/bal-love1",2026-02-23
"226","August 2026",14,568,"Summertime Blues","Germany","Windeck (near Cologne/Bonn)","Teachers Confirmed","http://www.tanzbildung.info/ZweisamerTanzPaartanz#SummertimeBlues","https://www.swingplanit.com/event/summertime-blues1",2026-02-23
"227","August 2026",20,209,"Swing Era","Thailand","Bangkok","Teachers Confirmed","https://theswingera.com/","https://www.swingplanit.com/event/swing-era3",2026-02-23
"228","August 2026",20,624,"Oslo Swingjazz Festival","Norway","Oslo","Exchange","https://osloswingjazz.com/","https://www.swingplanit.com/event/oslo-swingjazz-festival",2026-02-23
"229","August 2026",20,271,"Harvest Moon Swing Dance Camp","Germany","Rietberg ","Teachers Confirmed","http://www.harvestmoon.camp","https://www.swingplanit.com/event/harvest-moon-swing-dance-camp2",2026-02-23
"230","August 2026",23,215,"Swing Dance Montenegro Summer Camp","Montenegro","Kostanica, Montenegro","Teachers Confirmed","http://camp.swingdance-montenegro.com/","https://www.swingplanit.com/event/swing-dance-montenegro-summer-camp2",2026-02-23
"231","August 2026",27,1601,"Velo-Swing Festival","Germany","Saarbrücken","Teachers Confirmed","https://www.veloswingfestival.com/","https://www.swingplanit.com/event/velo-swing-festival9",2026-02-23
"232","August 2026",27,199,"Harvest Moon Swing Dance Camp - Between the Beats","Germany","Rietberg","","http://www.harvestmoon.camp","https://www.swingplanit.com/event/harvest-moon-swing-dance-camp-between-the-beats",2026-02-23
"233","August 2026",28,901,"Dornbirn Summer Swivel","Austria","Dornbirn","Teachers Confirmed","https://www.laendlehop.at/summer-swivel-2026/","https://www.swingplanit.com/event/dornbirn-summer-swivel4",2026-02-23
"234","August 2026",28,645,"Shag Ahoi!","Germany","Hamburg","","http://www.shagahoi.de","https://www.swingplanit.com/event/shag-ahoi8",2026-02-23
"235","August 2026",28,1022,"The Uptown Swingout","United States","Minneapolis, MN","","http://www.uptownswingout.com","https://www.swingplanit.com/event/the-uptown-swingout7",2026-02-23
"236","August 2026",28,662,"Velo-Swing Festival","Germany","Saarbruecken","Teachers Confirmed","https://www.veloswingfestival.com/","https://www.swingplanit.com/event/velo-swing-festival10",2026-02-23
"237","September 2026",4,452,"Balboa On The River","Canada","Gananoque Ontario","Teachers Confirmed","http://www.balboaontheriver.com","https://www.swingplanit.com/event/balboa-on-the-river5",2026-02-23
"238","September 2026",5,301,"Jazz Break & Knowedge Meetup with Odd Sweet","Luxembourg","Luxembourg","Teachers Confirmed","https://jazzbreak.lu/knowedge-meetup/","https://www.swingplanit.com/event/jazz-break-knowedge-meetup-with-odd-sweet",2026-02-23
"239","September 2026",9,284,"We Bal Paris","France","Paris","Teachers Confirmed","https://webaltheworld.wixsite.com/solaudanse/about-6","https://www.swingplanit.com/event/we-bal-paris1",2026-02-23
"240","September 2026",10,479,"be bluesed festival","Switzerland","Bern","Teachers Confirmed","https://be-bluesed-festival.ch/","https://www.swingplanit.com/event/be-bluesed-festival1",2026-02-23
"241","September 2026",10,1067,"Sicily Swing Fest","Italy","Catania","","http://www.sicilyswingfest.it/","https://www.swingplanit.com/event/sicily-swing-fest3",2026-02-23
"242","September 2026",11,1001,"Season of the Switch","Germany","Munich","Teachers Confirmed","http://www.seasonoftheswitch.com","https://www.swingplanit.com/event/season-of-the-switch",2026-02-23
"243","September 2026",11,257,"Sprottenhop","Germany","Kiel","Teachers Confirmed","http://www.sprottenhop.de","https://www.swingplanit.com/event/sprottenhop2",2026-02-23
"244","September 2026",11,455,"Shag Delight","Switzerland","Basel","","http://www.jitterbugsdelight.ch/shag","https://www.swingplanit.com/event/shag-delight4",2026-02-23
"245","September 2026",11,323,"Bottoms UP!","Germany","Cologne","Teachers Confirmed","http://www.bottomsupfestival.com","https://www.swingplanit.com/event/bottoms-up1",2026-02-23
"246","September 2026",17,629,"Barcelona Lindy Exchange - BLE","Spain","Barcelona","Exchange","https://barcelonalindyexchange.com/","https://www.swingplanit.com/event/barcelona-lindy-exchange-ble2",2026-02-23
"247","September 2026",18,2394,"Swing Man Tau","Germany","Bremen","","https://swingmantau.de/","https://www.swingplanit.com/event/swing-man-tau4",2026-02-23
"248","September 2026",18,454,"Belta Blues and fusion","United Kingdom","Newcastle upon Tyne","","https://www.hoodooblues.dance","https://www.swingplanit.com/event/belta-blues-and-fusion",2026-02-23
"249","September 2026",25,548,"Calpe Swing Fiesta","Spain","Calpe","Teachers Confirmed","www.calpeswingfiesta.co.uk","https://www.swingplanit.com/event/calpe-swing-fiesta9",2026-02-23
"250","September 2026",25,591,"Rock the Balboa!","Poland","Krakow","","https://rockthebalboa.com/","https://www.swingplanit.com/event/rock-the-balboa3",2026-02-23
"251","September 2026",25,133,"Swing Buzz Festival","Bulgaria","Sofia","","http://www.swingbuzz.eu","https://www.swingplanit.com/event/swing-buzz-festival2",2026-02-23
"252","September 2026",25,222,"Edinburgh Lindy Exchange","United Kingdom","Edinburgh","Exchange","https://www.edinburghlindyexchange.co.uk/","https://www.swingplanit.com/event/edinburgh-lindy-exchange12",2026-02-23
"253","September 2026",25,880,"Augsburg Balboa & Shag Festival","Germany","Augsburg","","https://www.augsburgbalboa.com","https://www.swingplanit.com/event/augsburg-balboa-shag-festival3",2026-02-23
"254","October 2026",2,201,"swingomania- Swing Loves Blues","Germany","Nuremberg","Teachers Confirmed","https://swingomania.lindymaniacs.de/en","https://www.swingplanit.com/event/swingomania-swing-loves-blues3",2026-02-23
"255","October 2026",2,224,"Oslo Balboa Weekend","Norway","Oslo","Teachers Confirmed","http://www.oslobalboaweekend.com","https://www.swingplanit.com/event/oslo-balboa-weekend11",2026-02-23
"256","October 2026",8,474,"Bcn Shag Festival - 12th edition","Spain","Barcelona","","http://www.bcn.shag.cat","https://www.swingplanit.com/event/bcn-shag-festival-12th-edition",2026-02-23
"257","October 2026",8,234,"Swingin’ Undermoon!","Spain","Valencia","","http://www.swingingundermoon.com","https://www.swingplanit.com/event/swingin-undermoon",2026-02-23
"258","October 2026",9,352,"Da Solo Jazz","Germany","Darmstadt","Teachers Confirmed","http://www.dasolojazz.com","https://www.swingplanit.com/event/da-solo-jazz",2026-02-23
"259","October 2026",9,591,"NY Lindy Exchange","United States","New York City","Exchange","https://www.nylindy.com/","https://www.swingplanit.com/event/ny-lindy-exchange2",2026-02-23
"260","October 2026",9,43,"Blues Juke Joint Weekend","Portugal","Porto","","https://bluesjukejointport.wixsite.com/bjjweekend","https://www.swingplanit.com/event/blues-juke-joint-weekend1",2026-02-23
"261","October 2026",9,37,"Why Not Aarhus Lindy Exchange","Denmark","Aarhus","Teachers Confirmed Exchange","https://aarhuslindyhoppers.dk/why-not-2026","https://www.swingplanit.com/event/why-not-aarhus-lindy-exchange6",2026-02-23
"262","October 2026",9,485,"Lindy Poh! Festival","Chile","Santiago","","http://www.lindypoh.cl","https://www.swingplanit.com/event/lindy-poh-festival1",2026-02-23
"263","October 2026",10,831,"Grand-Heidel-Bal","Germany","Heidelberg","","http://www.balboa-heidelberg.de","https://www.swingplanit.com/event/grand-heidel-bal1",2026-02-23
"264","October 2026",16,232,"Slow Bal-Love","Czech Republic","Prague","","https://balloveinc.wixsite.com/slow-bal-love","https://www.swingplanit.com/event/slow-bal-love",2026-02-23
"265","October 2026",16,328,"Broadway Swing","Germany","Magdeburg","Teachers Confirmed","https://broadway.swing39.de/","https://www.swingplanit.com/event/broadway-swing5",2026-02-23
"266","October 2026",16,129,"Breaking Bal: Balboa & Lindy Hop Weekend","United States","Santa Fe, New Mexico","Teachers Confirmed","https://santafebalboa.org/breaking-bal-2026/","https://www.swingplanit.com/event/breaking-bal-balboa-lindy-hop-weekend",2026-02-23
"267","October 2026",16,350,"Byron Bay Lindy Exchange","Australia","Byron Bay NSW","Exchange","http://www.byronbaylindyexchange.com.au","https://www.swingplanit.com/event/byron-bay-lindy-exchange1",2026-02-23
"268","October 2026",16,190,"Malmö Jumpin’ Fall","Sweden","MalmÃ¶","","http://www.jumpinfall.se/","https://www.swingplanit.com/event/malmoe-jumpin-fall1",2026-02-23
"269","October 2026",22,571,"Myotragus Swing Festival","Spain","Palmanova","","https://www.instagram.com/myotragus_fest/","https://www.swingplanit.com/event/myotragus-swing-festival1",2026-02-23
"270","October 2026",23,950,"20th Munich Balboa & Shag Weekend","Germany","Munich","","http://www.balboashag.de","https://www.swingplanit.com/event/20th-munich-balboa-shag-weekend",2026-02-23
"271","October 2026",23,594,"Queer Lindy Festival Cologne","Germany","Cologne","","http://www.queerlindycologne.de","https://www.swingplanit.com/event/queer-lindy-festival-cologne",2026-02-23
"272","October 2026",29,470,"Mainhatten Shuffle - Frankfurt Balboa Weekend","Germany","Frankfurt/Main","","http://www.shuffle.rmswing.de","https://www.swingplanit.com/event/mainhatten-shuffle-frankfurt-balboa-weekend3",2026-02-23
"273","October 2026",30,102,"Cambridge Lindy Exchange","United Kingdom","Cambridge","Exchange","http://www.cambridgeswingdance.com","https://www.swingplanit.com/event/cambridge-lindy-exchange9",2026-02-23
"274","October 2026",30,84,"Spooky Southern Blues","Australia","Adelaide","","https://swingdanceadelaide.com/southern-blues/","https://www.swingplanit.com/event/spooky-southern-blues",2026-02-23
"275","October 2026",30,347,"Boulevard blues","Belgium","Hasselt","Teachers Confirmed","http://www.boulevardblues.be","https://www.swingplanit.com/event/boulevard-blues5",2026-02-23
"276","November 2026",6,599,"Barcelona Balboa Festival - BBF","Spain","Barcelona","","https://www.barcelonabalboafestival.com/","https://www.swingplanit.com/event/barcelona-balboa-festival-bbf1",2026-02-23
"277","November 2026",6,147,"The Night Train Festival","Germany","Cologne","","http://www.groovestationcollective.de","https://www.swingplanit.com/event/the-night-train-festival",2026-02-23
"278","November 2026",13,524,"Lindy Academy","United Kingdom","Titchfield, Fareham","Teachers Confirmed","http://www.thelindyclub.co.uk","https://www.swingplanit.com/event/lindy-academy8",2026-02-23
"279","November 2026",20,155,"Autumn leaves the Pott","Germany","Dortmund","","http://www.lindypott.de","https://www.swingplanit.com/event/autumn-leaves-the-pott2",2026-02-23
"280","November 2026",20,147,"Hanoi Lindy Weekend","Viet Nam","Hanoi","","https://www.facebook.com/hanoilindyweekend","https://www.swingplanit.com/event/hanoi-lindy-weekend2",2026-02-23
"281","November 2026",27,375,"Da Shag","Germany","Darmstadt","Teachers Confirmed","http://www.sunnysideswing.de","https://www.swingplanit.com/event/da-shag1",2026-02-23
"282","November 2026",27,433,"Stir it!","Switzerland","Zurich","","http://www.stirit.ch","https://www.swingplanit.com/event/stir-it25",2026-02-23
"283","November 2026",27,529,"Breezy Swing Weekend","Thailand","Hua Hin","Exchange","https://www.instagram.com/breezy_swing/","https://www.swingplanit.com/event/breezy-swing-weekend",2026-02-23
"284","November 2026",28,163,"Jazz Break Weekend with Ari and Simon","Luxembourg","Luxembourg","Teachers Confirmed","https://jazzbreak.lu/ari-simon/","https://www.swingplanit.com/event/jazz-break-weekend-with-ari-and-simon",2026-02-23
"285","December 2026",11,632,"XmaSwing","Germany","Augsburg","","https://www.xmaswing.com","https://www.swingplanit.com/event/xmaswing10",2026-02-23
"286","January 2027",9,168,"Slow Balboa Weekend Munich 7th Edition","Germany","Munich","Competitions Held Teachers Confirmed","https://www.munichbalboa.de","https://www.swingplanit.com/event/slow-balboa-weekend-munich-7th-edition",2026-02-23
"287","February 2027",4,387,"Nubalboa","Spain","Madrid","","https://bigmamaswing.com/nubalboa","https://www.swingplanit.com/event/nubalboa8",2026-02-23
"288","February 2027",4,814,"20th Rock That Swing Festival","Germany","Munich","","http://www.rockthatswing.com","https://www.swingplanit.com/event/20th-rock-that-swing-festival",2026-02-23
"289","February 2027",6,146,"Lindy & Balboa Cruise from New Orleans to the Western Caribbean","United States","New Orleans, LA, Falmouth, Jamaica,Georgetown, Grand Cayman, Cozumel, Mexico","","https://lindycruise.com/","https://www.swingplanit.com/event/lindy-balboa-cruise-from-new-orleans-to-the-western-caribbean",2026-02-23
"290","February 2027",19,86,"All that Blues Festival","Germany","saarbrücken","Teachers Confirmed","http://www.allthatbluesfestival.de","https://www.swingplanit.com/event/all-that-blues-festival4",2026-02-23
