"","month","starting_date","views","name","country","cities","tags","websites","swingplanit_link","observation_date"
"1","February 2026",27,479,"Copenhagen Slow Balboa Festival","Denmark","Copenhagen","Teachers Confirmed","https://www.balboaswing.dk/copenhagen-slow-balboa-festival-2026/","https://www.swingplanit.com/event/copenhagen-slow-balboa-festival2",2026-02-27
"2","February 2026",27,1998,"University of Swing","United Kingdom","Edinburgh","Teachers Confirmed","https://www.facebook.com/EUSDS/?locale=en_GB","https://www.swingplanit.com/event/university-of-swing9",2026-02-27
"3","February 2026",27,522,"Vincenzo & Moe - Balboa & Lindy wkn in Helsinki","Finland","Helsinki","Teachers Confirmed","https://comets.fi/en/lindy-hop-and-balboa-with-vincenzo-moe/","https://www.swingplanit.com/event/vincenzo-moe-balboa-lindy-wkn-in-helsinki",2026-02-27
"4","February 2026",27,1463,"Swingin’ at the Savoy","United States","Oakland","","https://swinginatthesavoy.com/","https://www.swingplanit.com/event/swingin-at-the-savoy8",2026-02-27
"5","February 2026",27,1113,"Sofia Blues Festival","Bulgaria","Sofia","","https://sofiabluesfest.com/","https://www.swingplanit.com/event/sofia-blues-festival1",2026-02-27
"6","February 2026",27,424,"Blues Alive in Seoul","Korea, Republic Of","Seoul","Teachers Confirmed","http://www.bluesalive.net","https://www.swingplanit.com/event/blues-alive-in-seoul",2026-02-27
"7","February 2026",27,2820,"Pisa Swing Festival – Hop The Tower","Italy","Pisa","Teachers Confirmed","https://www.facebook.com/events/s/pisa-swing-festival-hop-the-to/707173791689172/?rdid=flrGDyRLoOIDaRO8#","https://www.swingplanit.com/event/pisa-swing-festival-hop-the-tower",2026-02-27
"8","February 2026",27,1444,"Slow Bal and Balboa Weekend Hamburg","Germany","Hamburg","Teachers Confirmed","http://www.newswinggeneration.de","https://www.swingplanit.com/event/slow-bal-and-balboa-weekend-hamburg",2026-02-27
"9","February 2026",27,471,"Hop Step Dance!","Japan","Nagaoka city & Niigata city, Niigata prefecture","Teachers Confirmed","https://fb.me/e/cgukdrYY2","https://www.swingplanit.com/event/hop-step-dance",2026-02-27
"10","February 2026",27,828,"Dayton Swing Smackdown","United States","Dayton, Ohio","Competitions Held","https://daytonswingsmackdown.com/","https://www.swingplanit.com/event/dayton-swing-smackdown4",2026-02-27
"11","March 2026",5,3560,"Berlin Balboa Weekend","Germany","Berlin","","http://www.berlinbalboaweekend.de","https://www.swingplanit.com/event/berlin-balboa-weekend13",2026-02-27
"12","March 2026",6,164,"Orø Shag Camp","Denmark","OrÃ¸","Teachers Confirmed","https://oroshagcamp2026.lovable.app/","https://www.swingplanit.com/event/or-shag-camp",2026-02-27
"13","March 2026",6,1548,"Fallin in Blues","France","Grenoble","","https://www.grenobleswing.com/page/939511-fallin-in-blues","https://www.swingplanit.com/event/fallin-in-blues7",2026-02-27
"14","March 2026",6,1878,"Bal’heim","Norway","Trondheim","Teachers Confirmed","https://ntnui.no/balheim/","https://www.swingplanit.com/event/balheim2",2026-02-27
"15","March 2026",6,1325,"Prague Lindy Hop Weekend","Czech Republic","Prague","Teachers Confirmed","http://www.swingmove.cz/lhw","https://www.swingplanit.com/event/prague-lindy-hop-weekend",2026-02-27
"16","March 2026",6,3057,"B.T.Switch","Germany","Darmstadt","","http://www.btswing.dance","https://www.swingplanit.com/event/b.t.switch2",2026-02-27
"17","March 2026",6,1037,"LISA - Ljubljana International Swing Academy","Slovenia","Ljubljana","Teachers Confirmed","http://www.vintage-lisa.com","https://www.swingplanit.com/event/lisa-ljubljana-international-swing-academy4",2026-02-27
"18","March 2026",6,1847,"Big City Blues","Belgium","Ghent","","https://www.bigcityblues.be/","https://www.swingplanit.com/event/big-city-blues5",2026-02-27
"19","March 2026",6,252,"Lindy Workshop with Coline Avril and Claudia Fonte","Denmark","Aarhus","Teachers Confirmed","https://aarhuslindyhoppers.dk/coline-claudia","https://www.swingplanit.com/event/lindy-workshop-with-coline-avril-and-claudia-fonte",2026-02-27
"20","March 2026",7,174,"Ottawa Swing Exchange","Canada","Ottawa","Teachers Confirmed","https://vintage-vibe-events.square.site/ottawa-swing-exchange-2026","https://www.swingplanit.com/event/ottawa-swing-exchange",2026-02-27
"21","March 2026",7,695,"Swing Cat Strut","United Kingdom","Chester, Cheshire","Teachers Confirmed","https://www.cheshireswingcats.com/events/2026-swing-cat-strut","https://www.swingplanit.com/event/swing-cat-strut2",2026-02-27
"22","March 2026",7,457,"Jazz Break Weekend with Astrid and Sander","Luxembourg","Luxembourg","Teachers Confirmed","https://jazzbreak.lu/astrid-sander/","https://www.swingplanit.com/event/jazz-break-weekend-with-astrid-and-sander",2026-02-27
"23","March 2026",12,770,"Retro Weekend Festival","Poland","Warsaw","Teachers Confirmed","https://retroweekend.pl/","https://www.swingplanit.com/event/retro-weekend-festival9",2026-02-27
"24","March 2026",12,1428,"Lindyfest - The Great Southwest","United States","Houston, TX","Teachers Confirmed","http://www.lindyfest.org","https://www.swingplanit.com/event/lindyfest-the-great-southwest1",2026-02-27
"25","March 2026",13,2893,"Roma Balboa Weekend","Italy","Rome","Teachers Confirmed","http://www.romabalboaweekend.com","https://www.swingplanit.com/event/roma-balboa-weekend9",2026-02-27
"26","March 2026",13,1251,"Swing Art Festival","France","Bordeaux","Teachers Confirmed","https://swingartfestival.fr/en/home-2/","https://www.swingplanit.com/event/swing-art-festival1",2026-02-27
"27","March 2026",13,898,"Vietnam Lindy Exchange","Viet Nam","Hoi An","Exchange","http://www.thevlx.net","https://www.swingplanit.com/event/vietnam-lindy-exchange9",2026-02-27
"28","March 2026",13,281,"Pingoletus (LindyJotter Festival)","Spain","Zaragoza","Teachers Confirmed","https://swingon.es/pingoletus-swing-festival-26/","https://www.swingplanit.com/event/pingoletus-lindyjotter-festival",2026-02-27
"29","March 2026",14,1906,"Battle AJT","France","Paris","Teachers Confirmed","http://www.battle-ajt.com/","https://www.swingplanit.com/event/battle-ajt",2026-02-27
"30","March 2026",14,306,"Double or Nothing","Netherlands","Utrecht & Amsterdam","Teachers Confirmed","https://www.thebluesjoint.dance ","https://www.swingplanit.com/event/double-or-nothing",2026-02-27
"31","March 2026",14,100,"Cordon Blues Festival 2","France","Caen","Teachers Confirmed","https://www.caencaswing.fr/stages/cordon-blues-2026/","https://www.swingplanit.com/event/cordon-blues-festival-2",2026-02-27
"32","March 2026",16,963,"Mozambique Afro Swing Exchange","Mozambique","Maputo, Mozambique","Teachers Confirmed","www.masx.org","https://www.swingplanit.com/event/mozambique-afro-swing-exchange1",2026-02-27
"33","March 2026",19,1210,"Swingin’ Spring","Sweden","Gothenburg","Teachers Confirmed","http://www.swinginspring.se","https://www.swingplanit.com/event/swingin-spring8",2026-02-27
"34","March 2026",20,764,"Aberdeen’s Hop Potato","United Kingdom","Aberdeen","Teachers Confirmed","https://www.instagram.com/auswingsoc/","https://www.swingplanit.com/event/aberdeens-hop-potato",2026-02-27
"35","March 2026",20,2177,"Fast Feet Charlie","Germany","Karlsruhe","Teachers Confirmed","https://fastfeetcharlie.de","https://www.swingplanit.com/event/fast-feet-charlie3",2026-02-27
"36","March 2026",20,307,"The Blues’ Timing","Italy","Florence","Teachers Confirmed","https://swingstudio22.it/festival-swing-firenze/the-blues-timing-firenze-2026/","https://www.swingplanit.com/event/the-blues-timing4",2026-02-27
"37","March 2026",20,150,"Christian and Natalia Omaha Weekend","United States","Omaha, NE","Teachers Confirmed","https://omahajitterbugs.square.site/christian-and-natalia-weekend","https://www.swingplanit.com/event/christian-and-natalia-omaha-weekend",2026-02-27
"38","March 2026",20,2823,"Vienna Balboa & Laminu Experience","Austria","Vienna","Teachers Confirmed","https://balboa-baby.at/vble","https://www.swingplanit.com/event/vienna-balboa-laminu-experience7",2026-02-27
"39","March 2026",20,298,"Groovin’ Blues Experience","Germany","Wiesbaden - Biebrich","Teachers Confirmed","https://fxx7.short.gy/TGB_Experience2026","https://www.swingplanit.com/event/groovin-blues-experience",2026-02-27
"40","March 2026",20,1574,"Ljubljana Bunny Hop","Slovenia","Ljubljana","Teachers Confirmed","https://bunnyhopljubljana.com/","https://www.swingplanit.com/event/ljubljana-bunny-hop1",2026-02-27
"41","March 2026",20,1473,"Bad Wild Bad Hop","Germany","Bad Wildbad","Teachers Confirmed","https://badwildbadhop.swingdance.services/","https://www.swingplanit.com/event/bad-wild-bad-hop",2026-02-27
"42","March 2026",20,1549,"Swing Sanctuary","United Kingdom","Cambridge","Teachers Confirmed","https://www.cambridgeswingdance.com/events","https://www.swingplanit.com/event/swing-sanctuary7",2026-02-27
"43","March 2026",20,1145,"RoffaShag","Netherlands","Rotterdam","Teachers Confirmed","https://www.swinginrhythm.nl/roffa-shag-2026","https://www.swingplanit.com/event/roffashag1",2026-02-27
"44","March 2026",20,2466,"The Blues’ Timing","Italy","Florence","","https://swingstudio22.it/festival-swing-firenze/the-blues-timing-firenze-2025/","https://www.swingplanit.com/event/the-blues-timing3",2026-02-27
"45","March 2026",20,1337,"Niigata Swing Weekend","Japan","Niigata","Teachers Confirmed","https://niigataswingweekend.my.canva.site/","https://www.swingplanit.com/event/niigata-swing-weekend1",2026-02-27
"46","March 2026",20,460,"Klara & Cam in Athens!","Greece","Athens","Teachers Confirmed","https://fb.me/e/5y2Fq1in6","https://www.swingplanit.com/event/klara-cam-in-athens",2026-02-27
"47","March 2026",20,1329,"Vintage Swing Party Vol IV","Denmark","Sonderborg","Teachers Confirmed","http://www.sonderborglindyhoppers.dk","https://www.swingplanit.com/event/vintage-swing-party-vol-iv",2026-02-27
"48","March 2026",20,398,"Lindytopia","Australia","Perth","Teachers Confirmed","http://www.swingtopiadance.com/lindytopia-perth","https://www.swingplanit.com/event/lindytopia",2026-02-27
"49","March 2026",20,795,"Duke’s Blues","Luxembourg","Luxembourg","Teachers Confirmed","https://www.swingdance.lu/dukes-blues-2026/","https://www.swingplanit.com/event/dukes-blues2",2026-02-27
"50","March 2026",20,523,"Swing Night in Canada","Canada","Hamilton","Teachers Confirmed","http://www.mapleleafragevent.com/snic","https://www.swingplanit.com/event/swing-night-in-canada1",2026-02-27
"51","March 2026",20,976,"30 Years of Edinburgh Swing Dance Society","United Kingdom","Edinburgh","Teachers Confirmed","http://www.esds.org.uk/30th-anniversary","https://www.swingplanit.com/event/30-years-of-edinburgh-swing-dance-society",2026-02-27
"52","March 2026",20,1255,"Meet The Music","France","Toulouse","","http://www.studiohop.com","https://www.swingplanit.com/event/meet-the-music1",2026-02-27
"53","March 2026",21,328,"ELEF Balboa Weekend Munich","Germany","Munich","Teachers Confirmed","https://www.munichbalboa.de","https://www.swingplanit.com/event/elef-balboa-weekend-munich",2026-02-27
"54","March 2026",21,387,"Intensive Lindy Hop Weekend with María & Aurélien","Germany","Munich","Teachers Confirmed","https://www.boogie-baeren.de/eventleser/intensive-lindy-hop-weekend-with-maria-aurelien","https://www.swingplanit.com/event/intensive-lindy-hop-weekend-with-maria-aurelien",2026-02-27
"55","March 2026",26,1994,"Bosphorus Swing Festival","Turkey","Istanbul","Teachers Confirmed","https://www.bosphorusswingfest.com/","https://www.swingplanit.com/event/bosphorus-swing-festival1",2026-02-27
"56","March 2026",26,5,"Shimmy Fest","Spain","Albacete","Teachers Confirmed","https://shimmyfest.es/","https://www.swingplanit.com/event/shimmy-fest4",2026-02-27
"57","March 2026",27,2811,"Sweet Bal Weekend (Slow Bal & Balboa)","Germany","Augsburg","Teachers Confirmed","http://www.augsburgbalboa.com","https://www.swingplanit.com/event/sweet-bal-weekend-slow-bal-balboa1",2026-02-27
"58","March 2026",27,1587,"Bal Spring Break","United Kingdom","Bournemouth","Teachers Confirmed","https://spring.balbreak.co.uk/","https://www.swingplanit.com/event/bal-spring-break3",2026-02-27
"59","March 2026",27,810,"Meet in the Middle","Canada","Kingston, Ontario","","https://mitm2026.my.canva.site/","https://www.swingplanit.com/event/meet-in-the-middle2",2026-02-27
"60","March 2026",27,871,"Backdoor to Blues","France","Paris","Teachers Confirmed","https://www.leschatonsswingueurs.tf/cours-et-activites-a-paris-swing-lindy-hop-solo-jazz-charleston-blues/backdoor-to-blues-2026","https://www.swingplanit.com/event/backdoor-to-blues3",2026-02-27
"61","March 2026",27,1406,"Lindy Hop Special with Nils & Bianca","Netherlands","msterdam","Teachers Confirmed","https://www.facebook.com/events/768150432849829?acontext=%7B%22event_action_history%22%3A[%7B%22surface%22%3A%22home%22%7D%2C%7","https://www.swingplanit.com/event/lindy-hop-special-with-nils-bianca",2026-02-27
"62","March 2026",27,1082,"River City Mess Around","United States","St. Louis, Missouri","Exchange","https://www.rivercityswingout.com/rcma","https://www.swingplanit.com/event/river-city-mess-around2",2026-02-27
"63","March 2026",27,656,"Swing It Konstanz","Germany","Konstanz","Teachers Confirmed","https://www.swing-it-konstanz.de/","https://www.swingplanit.com/event/swing-it-konstanz5",2026-02-27
"64","March 2026",27,1352,"Fast Feet Fest","United Kingdom","Glasgow","Teachers Confirmed","https://www.glasgowlindyhoppers.co.uk","https://www.swingplanit.com/event/fast-feet-fest4",2026-02-27
"65","March 2026",27,1247,"Jurassic Bal","Australia","Canberra","","http://www.jurassicbal.com","https://www.swingplanit.com/event/jurassic-bal2",2026-02-27
"66","March 2026",27,238,"Humboldt Spring Swing Dance Workshop","United States","Arcata, California","Teachers Confirmed","https://www.lostcoastlindy.com/events","https://www.swingplanit.com/event/humboldt-spring-swing-dance-workshop1",2026-02-27
"67","March 2026",28,290,"Hummel Hummel - Blues Blues","Germany","Hamburg","Teachers Confirmed","https://www.newswinggeneration.de/28-29-03-2026-hummel-hummel-blues-blues-workshop-mit-dexter-santos/","https://www.swingplanit.com/event/hummel-hummel-blues-blues",2026-02-27
"68","April 2026",1,3317,"Barswingona","Spain","Barcelona","Teachers Confirmed","http://www.barswingona.com","https://www.swingplanit.com/event/barswingona7",2026-02-27
"69","April 2026",2,354,"Fly to the Moon - slow dance festival (5th edition)","Czech Republic","Ostrava, Czechia","Teachers Confirmed","https://swingville.cz/registration/fly-to-the-moon_26/","https://www.swingplanit.com/event/fly-to-the-moon-slow-dance-festival-5th-edition",2026-02-27
"70","April 2026",2,572,"Asia Balboa eXchange D&F","Korea, Republic Of","Seoul","Teachers Confirmed","https://asiabalboa.com","https://www.swingplanit.com/event/asia-balboa-exchange-df",2026-02-27
"71","April 2026",2,2738,"Paris Jazz Roots","France","Paris","","https://www.jazzroots.fr/","https://www.swingplanit.com/event/paris-jazz-roots",2026-02-27
"72","April 2026",3,1854,"IsThereHop?","Switzerland","Zurich","Teachers Confirmed","http://www.istherehop.ch/","https://www.swingplanit.com/event/istherehop6",2026-02-27
"73","April 2026",3,274,"Cheltenham Swing Dance Hop","United Kingdom","Bishops Cleeve, Cheltenham","Teachers Confirmed","https://cheltenhamswing.dance/csdhop","https://www.swingplanit.com/event/cheltenham-swing-dance-hop",2026-02-27
"74","April 2026",4,230,"Lindy and Balboa Cruise to the Eastern Caribbean","United States","Orlando, FL > Grand Turk > San Juan, Puerto Rico > St. Maarten > St. Thomas","Teachers Confirmed","https://lindycruise.com/","https://www.swingplanit.com/event/lindy-and-balboa-cruise-to-the-eastern-caribbean",2026-02-27
"75","April 2026",9,3039,"Spring Lindy Weekend","Spain","Pamplona","","http://www.springlindyweekend.es","https://www.swingplanit.com/event/spring-lindy-weekend8",2026-02-27
"76","April 2026",9,685,"Portland Lindy Exchange (PDXLX)","United States","Portland, OR","","https://www.portlandlindysociety.com/pdxlx","https://www.swingplanit.com/event/portland-lindy-exchange-pdxlx1",2026-02-27
"77","April 2026",9,500,"Sevilla Swing Festival","Spain","Seville","Teachers Confirmed","https://forms.gle/3REPFA4aGbc8JLbv6","https://www.swingplanit.com/event/sevilla-swing-festival2",2026-02-27
"78","April 2026",9,2919,"Alpine Jitterbugs - Shag n Bal 2026","Austria","Innsbruck","","http://www.alpinejitterbugs.com","https://www.swingplanit.com/event/alpine-jitterbugs-shag-n-bal-2026",2026-02-27
"79","April 2026",10,497,"Prague Swing Spring Festival","Czech Republic","Prague","Teachers Confirmed","https://pragueswingfestivals.com","https://www.swingplanit.com/event/prague-swing-spring-festival1",2026-02-27
"80","April 2026",10,1661,"Jump Up North Festival","Germany","Hamburg","Teachers Confirmed","http://www.jumpupnorth.com/","https://www.swingplanit.com/event/jump-up-north-festival",2026-02-27
"81","April 2026",10,1133,"ESpanish Blues Festival Spring edition","Spain","Madrid","Teachers Confirmed","https://www.espanishblues.com/event-info.html","https://www.swingplanit.com/event/espanish-blues-festival-spring-edition2",2026-02-27
"82","April 2026",10,2169,"Sicilian SwingAge Festival","Italy","Palermo","Teachers Confirmed","https://www.sicilianswingagefestival.com/","https://www.swingplanit.com/event/sicilian-swing-festival",2026-02-27
"83","April 2026",10,1966,"Kind Of A Big Deal Weekend","United States","Boston, Massachusetts","","https://kindofbigdealweekend.blogspot.com","https://www.swingplanit.com/event/kind-of-a-big-deal-weekend7",2026-02-27
"84","April 2026",10,904,"O’Slow","Norway","Oslo","Teachers Confirmed","https://oslow.bardarswingclub.no/","https://www.swingplanit.com/event/oslow3",2026-02-27
"85","April 2026",11,1516,"The Pulse","Ireland","Cork","Teachers Confirmed","https://www.swingdancecork.com/thepulsefestival","https://www.swingplanit.com/event/the-pulse1",2026-02-27
"86","April 2026",11,1092,"Nice Swing Festival","France","Nice","Teachers Confirmed","https://sites.google.com/view/swinginnice/evenements-swing-nice/nice-swing-festival?authuser=0","https://www.swingplanit.com/event/nice-swing-festival3",2026-02-27
"87","April 2026",16,1716,"Come Around The Pott","Germany","Dortmund","Teachers Confirmed","http://www.lindypott.de","https://www.swingplanit.com/event/come-around-the-pott",2026-02-27
"88","April 2026",16,2004,"Bal Wave - Balboa & Slow Bal Festival","Italy","Catania","Teachers Confirmed","https://www.bal-wave.com/","https://www.swingplanit.com/event/bal-wave-balboa-slow-bal-festival",2026-02-27
"89","April 2026",17,434,"The Blues Harbour","Sweden","Gothenburg","Teachers Confirmed","https://thebluesharbour.se/","https://www.swingplanit.com/event/the-blues-harbour",2026-02-27
"90","April 2026",17,917,"Tiny Balboa","France","Grenoble","Teachers Confirmed","https://www.grenobleswing.com/page/1692255-tiny-balboa","https://www.swingplanit.com/event/tiny-balboa7",2026-02-27
"91","April 2026",17,1626,"Open the Arts Festival","Germany","Saarlouis","","https://www.openthearts.de/","https://www.swingplanit.com/event/open-the-arts-festival1",2026-02-27
"92","April 2026",17,1817,"Swing Train Festival - VII Edition","Italy","Turin","Teachers Confirmed","https://www.dustyjazz.it/it/eventi/swing-train-festival-202604172000","https://www.swingplanit.com/event/swing-train-festival-vii-edition",2026-02-27
"93","April 2026",17,2,"Pisuerga Swing Festival","Spain","Spain","Teachers Confirmed","https://docs.google.com/forms/d/1Nefn773EpliXaz4g4dde6XtukQoRuae97oCRnu-NCMg/viewform?edit_requested=true&fbclid=PAZXh0bgNhZW0CM","https://www.swingplanit.com/event/pisuerga-swing-festival",2026-02-27
"94","April 2026",17,969,"StALX (St Andrews Lindy Exchange)","United Kingdom","St Andrews","Exchange","https://stalx.my.canva.site/","https://www.swingplanit.com/event/st-andrews-lindy-exchange",2026-02-27
"95","April 2026",17,364,"Santa Cruz Swing Festival","United States","Santa Cruz","Teachers Confirmed","http://www.santacruzswingfest.com","https://www.swingplanit.com/event/santa-cruz-swing-festival",2026-02-27
"96","April 2026",17,1821,"Swingin’ by the Sound","United States","Port Townsend, Washington","Teachers Confirmed","https://www.swinginbythesound.com/","https://www.swingplanit.com/event/swingin-by-the-sound4",2026-02-27
"97","April 2026",17,1133,"Gentse Hoppers Exchange","Belgium","Ghent","Exchange","https://www.gentsehoppersexchange.com","https://www.swingplanit.com/event/gentse-hoppers-exchange7",2026-02-27
"98","April 2026",17,176,"Bubble City Bash","United States","Urbana-Champaign, IL","","https://www.illiniswing.org/bubble-city-bash-2026-about","https://www.swingplanit.com/event/bubble-city-bash4",2026-02-27
"99","April 2026",17,410,"Florence Swing Weekend","Italy","Florence","Teachers Confirmed","https://www.lindyhopinflorence.com/it/eventi-florence-swing-weekend-17-18-19-aprile-2026.html","https://www.swingplanit.com/event/florence-swing-weekend",2026-02-27
"100","April 2026",17,1039,"Back to Jitterbug","France","Lyon","Teachers Confirmed","http://www.backtojitterbug.com","https://www.swingplanit.com/event/back-to-jitterbug1",2026-02-27
"101","April 2026",18,248,"Rhythm Trinity","Germany","Berlin","","https://www.instagram.com/rhythm.trinity/","https://www.swingplanit.com/event/rhythm-trinity1",2026-02-27
"102","April 2026",18,3,"Hepcats Homecoming","Canada","Waterloo, ON","Teachers Confirmed","https://hepcatswing.com/event/hepcats-homecoming/","https://www.swingplanit.com/event/hepcats-homecoming",2026-02-27
"103","April 2026",23,1729,"Sitges Balboa Beach","Spain","Sitges","","http://www.sitgesbalboabeach.com","https://www.swingplanit.com/event/sitges-balboa-beach7",2026-02-27
"104","April 2026",23,691,"Menorca Lindy Exchange","Spain","Ciutadella de Menorca","Teachers Confirmed Exchange","http://www.menorcalindyexchange.com","https://www.swingplanit.com/event/menorca-lindy-exchange1",2026-02-27
"105","April 2026",24,2152,"Swingcake Balboa Workshop","Germany","Tübingen","Teachers Confirmed","http://www.swingcaketuebingen.de","https://www.swingplanit.com/event/swingcake-balboa-workshop",2026-02-27
"106","April 2026",24,2119,"Swingin’ Spring Weekend Dresden","Germany","Dresden","Teachers Confirmed","https://dresden-hepcats.de/workshops-de/new-workshops-de/new-workshop-details-de/ssw-2026-04-24","https://www.swingplanit.com/event/swingin-spring-weekend-dresden",2026-02-27
"107","April 2026",24,2390,"Krak The Shag¡ Hola Balboa!","Poland","Krakow","Teachers Confirmed","https://kraktheshag.com/","https://www.swingplanit.com/event/krak-the-shag-hola-balboa5",2026-02-27
"108","April 2026",24,594,"DC Lindy Exchange","United States","Washington DC","Exchange","https://dclx.org/","https://www.swingplanit.com/event/dc-lindy-exchange",2026-02-27
"109","April 2026",24,133,"Swinging Weekender Schwerin","Germany","Schwerin","Teachers Confirmed","http://www.swinging-weekender.de","https://www.swingplanit.com/event/swinging-weekender-schwerin",2026-02-27
"110","April 2026",24,428,"Shag in the Air","Sweden","Linköping ","Teachers Confirmed","https://www.airswing.se/shag-in-the-air-2026-24-26-april/","https://www.swingplanit.com/event/shag-in-the-air",2026-02-27
"111","April 2026",24,302,"Swing do Fou 7","France","Cholet","Teachers Confirmed","https://swingdufou.com/","https://www.swingplanit.com/event/swing-do-fou-7",2026-02-27
"112","April 2026",25,238,"Footwork goes Sideways","Switzerland","Lucerne","Teachers Confirmed","https://www.footwork.ch/sideways-26","https://www.swingplanit.com/event/footwork-goes-sideways1",2026-02-27
"113","April 2026",26,316,"Peniscola Swingin’","Spain","Peniscola","Teachers Confirmed","http://www.vacancesdanses.com/peniscola-swingin/","https://www.swingplanit.com/event/peniscola-swingin",2026-02-27
"114","April 2026",30,163,"Blues Playground","Belgium","Beersel","","http://www.bluesplayground.com/","https://www.swingplanit.com/event/blues-playground",2026-02-27
"115","April 2026",30,1003,"Mosel Hop - let’s swing out at a real count castle","Germany","Diez","Teachers Confirmed","https://www.moselhop.de/","https://www.swingplanit.com/event/mosel-hop-lets-swing-out-at-a-real-count-castle",2026-02-27
"116","April 2026",30,603,"III Canarias Balboa Exchange","Spain","Gran Canaria","Exchange","https://buytickets.at/mojoswingcanarias/1980415","https://www.swingplanit.com/event/canarias-balboa-exchange1",2026-02-27
"117","April 2026",30,326,"Bounce Swing Festival","Italy","Chioggia (Venice)","Teachers Confirmed","http://www.bounceswingfestival.com","https://www.swingplanit.com/event/bounce-swing-festival6",2026-02-27
"118","April 2026",30,1795,"Lazy River","Austria","Vienna","Teachers Confirmed","http://www.lazyriverfestival.com","https://www.swingplanit.com/event/lazy-river2",2026-02-27
"119","May 2026",1,1584,"Downtown Jazz Jam","United Kingdom","London","Teachers Confirmed","https://downtownjazzjam.uk","https://www.swingplanit.com/event/downtown-jazz-jam",2026-02-27
"120","May 2026",1,1485,"Minor Swing","Sweden","Gothenburg","Teachers Confirmed","http://www.minorswing.se","https://www.swingplanit.com/event/minor-swing7",2026-02-27
"121","May 2026",1,471,"Frankie 112","Malaysia","Kuala Lumpur","","http://www.frankie11x.com","https://www.swingplanit.com/event/frankie-112",2026-02-27
"122","May 2026",1,726,"Spread the Shag","Germany","Konstanz","Teachers Confirmed","https://www.swinginkonstanz.de/?page_id=3386","https://www.swingplanit.com/event/spread-the-shag1",2026-02-27
"123","May 2026",1,2200,"Come Around Balboa Weekend","Hungary","Szekesfehervar","Teachers Confirmed","https://www.comearound-balboaweekend.hu/en/","https://www.swingplanit.com/event/come-around-balboa-weekend3",2026-02-27
"124","May 2026",1,138,"Slow Balboa Weekend","Canada","Vancouver","Teachers Confirmed","https://www.facebook.com/events/1412022960254222","https://www.swingplanit.com/event/slow-balboa-weekend1",2026-02-27
"125","May 2026",1,212,"Sense Balboa","Bulgaria","Sofia","Teachers Confirmed","https://www.instagram.com/sense.balboa/","https://www.swingplanit.com/event/sense-balboa",2026-02-27
"126","May 2026",1,322,"Montreal Bagel & Blues","Canada","Montreal","","https://www.bagelandblues.com/","https://www.swingplanit.com/event/montreal-bagel-blues",2026-02-27
"127","May 2026",2,186,"Mood for Swing","Japan","Tokyo","Teachers Confirmed","http://swing-jack.com/2026mfs.html","https://www.swingplanit.com/event/mood-for-swing7",2026-02-27
"128","May 2026",4,587,"NYC Bal Week","United States","New York City","Teachers Confirmed","http://www.balweek.com","https://www.swingplanit.com/event/nyc-bal-week",2026-02-27
"129","May 2026",7,1004,"The BRUX - Brussels Exchange","Belgium","Brussels","Exchange","https://www.thebrux.be","https://www.swingplanit.com/event/the-brux-brussels-exchange1",2026-02-27
"130","May 2026",7,779,"Paris Spring Balboa","France","Paris","Teachers Confirmed","http://www.parisbalboa.fr","https://www.swingplanit.com/event/paris-spring-balboa",2026-02-27
"131","May 2026",7,237,"Boogie Explosion 10 Years Anniversary","Greece","Athens","Teachers Confirmed","https://www.facebook.com/share/1CojHikZqC/","https://www.swingplanit.com/event/boogie-explosion-10-years-anniversary",2026-02-27
"132","May 2026",8,111,"CRB Taipei - Cross Road Blues","Taiwan","Taipei","","https://www.instagram.com/crossroads_blues_asia?igsh=anVvc3B6eGJ5bG5u","https://www.swingplanit.com/event/crb-taipei-cross-road-blues",2026-02-27
"133","May 2026",8,629,"Maytime Mess Around","United Kingdom","Titchfield, Fareham","Teachers Confirmed","http://www.thelindyclub.co.uk","https://www.swingplanit.com/event/maytime-mess-around10",2026-02-27
"134","May 2026",8,627,"Paris Midnight Blues","France","Paris","Teachers Confirmed","http://www.parismidnightblues.com","https://www.swingplanit.com/event/paris-midnight-blues6",2026-02-27
"135","May 2026",8,168,"Lindy Fiesta 9,5","Germany","Hamburg","Teachers Confirmed","https://www.newswinggeneration.de/07-09-mai-2026-lindy-fiesta-95/","https://www.swingplanit.com/event/lindy-fiesta-95",2026-02-27
"136","May 2026",8,473,"Balboa in Bergen, with Anni & Gasper","Norway","Bergen","Teachers Confirmed","https://fb.me/e/avGBMcngp","https://www.swingplanit.com/event/balboa-in-bergen-with-anni-gasper",2026-02-27
"137","May 2026",8,1220,"Uptown Rhythm","Lithuania","Vilnius","Teachers Confirmed","https://uptownrhythm.lt","https://www.swingplanit.com/event/uptown-rhythm7",2026-02-27
"138","May 2026",8,291,"All Slow Bal at the Livermead Cliff","United Kingdom","Torquay, Devon","Teachers Confirmed","https://www.slowbal.co.uk","https://www.swingplanit.com/event/all-slow-bal-at-the-livermead-cliff2",2026-02-27
"139","May 2026",8,258,"The Bridge - City Exchange","France","Toulouse","Teachers Confirmed Exchange","http://www.studiohop.com","https://www.swingplanit.com/event/the-bridge-city-exchange",2026-02-27
"140","May 2026",8,1354,"Yodel Hop","Austria","Ginzling, Zillertal, Tyrol, Austria","","http://www.yodelhop.at","https://www.swingplanit.com/event/yodel-hop",2026-02-27
"141","May 2026",8,2,"Bota Gatherings VIII - Bota Swing City Weekend","Portugal","Porto","Teachers Confirmed","https://linktr.ee/botagatherings","https://www.swingplanit.com/event/bota-gatherings-viii-bota-swing-city-weekend",2026-02-27
"142","May 2026",8,459,"Smokey Feet","Netherlands","Amsterdam","Teachers Confirmed","http://www.smokeyfeet.nl","https://www.swingplanit.com/event/smokey-feet6",2026-02-27
"143","May 2026",9,133,"Skye & Frida in Istanbul","Turkey","Istanbul","Teachers Confirmed","https://www.instagram.com/cazdanskultur/","https://www.swingplanit.com/event/skye-frida-in-istanbul",2026-02-27
"144","May 2026",13,671,"9th Quattropole Swing Exchange","Germany","Luxembourg - Trier - Saarbrücken - Metz","Exchange","https://www.quattropole-swing.com/","https://www.swingplanit.com/event/9th-quattropole-swing-exchange",2026-02-27
"145","May 2026",14,155,"Stockholm Blues Fest: The retreat!","Sweden","Stockholm","Teachers Confirmed","https://swedishswing.se/stockholm-blues-fest/","https://www.swingplanit.com/event/stockholm-blues-fest-the-retreat",2026-02-27
"146","May 2026",14,6,"Go Hop’n’Jazz","Germany","NÃ¼rnberg","Teachers Confirmed","https://www.thatswing.de/en/gohopnjazz/","https://www.swingplanit.com/event/go-hopnjazz",2026-02-27
"147","May 2026",15,154,"CSC Canadian Swing Championships","Canada","Montreal (Sherbrooke)","Teachers Confirmed","http://www.canadianswingchampionships.com","https://www.swingplanit.com/event/csc-canadian-swing-championships2",2026-02-27
"148","May 2026",15,525,"Great Lakes Shag Escape","United States","Chicago","Teachers Confirmed","http://www.greatlakesshagescape.com","https://www.swingplanit.com/event/great-lakes-shag-escape1",2026-02-27
"149","May 2026",15,2049,"Interamna Swing Festival","Italy","Terni","Teachers Confirmed","http://www.interamnaswing.com","https://www.swingplanit.com/event/interamna-swing-festival",2026-02-27
"150","May 2026",15,1093,"Garage Hoppers Festival","Italy","Genova","Teachers Confirmed","https://forms.gle/xpekcuQhbPXnBGi66","https://www.swingplanit.com/event/garage-hoppers-festival",2026-02-27
"151","May 2026",15,3,"SwingLab with Peter & Elze","Netherlands","Utrecht","Teachers Confirmed","https://swinginutrecht.nl/events/swinglab/","https://www.swingplanit.com/event/swinglab-with-peter-elze",2026-02-27
"152","May 2026",15,1156,"Portocolom Swing Festival","Spain","Portocolom, Felanitx, Illes Balears","","https://www.instagram.com/portocolom_swing_festival/","https://www.swingplanit.com/event/portocolom-swing-festival",2026-02-27
"153","May 2026",21,1583,"Madrid Swing Exchange","Spain","Madrid","Exchange","http://www.madridswingexchange.es/","https://www.swingplanit.com/event/madrid-swing-exchange1",2026-02-27
"154","May 2026",21,273,"Sofia Swing Dance Festival","Bulgaria","Sofia","Teachers Confirmed","https://sofiaswing.com/","https://www.swingplanit.com/event/sofia-swing-dance-festival10",2026-02-27
"155","May 2026",22,1033,"BB-DanceCamp","Germany","Landsberg am Lech (close to Munich and Augsburg)","Teachers Confirmed","http://www.bb-dancecamp.com/en/home","https://www.swingplanit.com/event/bb-dancecamp7",2026-02-27
"156","May 2026",22,218,"Bodrum Lindy Weekend","Turkey","Bodrum","Teachers Confirmed","https://www.instagram.com/bodrumlindyweekend","https://www.swingplanit.com/event/bodrum-lindy-weekend",2026-02-27
"157","May 2026",22,350,"Frankie BA Festival","Argentina","Ciudad de Buenos Aires","","http://www.frankiebafestival.com.ar","https://www.swingplanit.com/event/frankie-ba-festival2",2026-02-27
"158","May 2026",22,1553,"Tallinn Swing Weekend","Estonia","Tallinn","Teachers Confirmed","http://www.tsweekend.ee","https://www.swingplanit.com/event/tallinn-swing-weekend9",2026-02-27
"159","May 2026",22,639,"Swing ohne Senf","Switzerland","St. Gallen","Teachers Confirmed","https://www.swingohnesenf.ch","https://www.swingplanit.com/event/swing-ohne-senf6",2026-02-27
"160","May 2026",22,189,"Camp Jitterbug","United States","Seattle, WA","","https://www.campjitterbug.com/","https://www.swingplanit.com/event/camp-jitterbug3",2026-02-27
"161","May 2026",22,263,"Brisbane Swing Thing","Australia","Brisbane","Teachers Confirmed Exchange","http://brisbaneswing.wordpress.com/","https://www.swingplanit.com/event/brisbane-swing-thing",2026-02-27
"162","May 2026",22,605,"Valencia Balboa Festival","Spain","Valencia","Teachers Confirmed","https://www.valenciabalboafestival.com/","https://www.swingplanit.com/event/valencia-balboa-festival1",2026-02-27
"163","May 2026",23,149,"SwouZy Blues","United States","Cincinnati","","https://www.supermurganati.com/swouzy-blues","https://www.swingplanit.com/event/swouzy-blues",2026-02-27
"164","May 2026",29,171,"Beet’n'Blues","Lithuania","Vilnius","Teachers Confirmed","https://bluesdance.lt/bnb26/","https://www.swingplanit.com/event/beetnblues1",2026-02-27
"165","May 2026",29,1148,"Spring Jam","United States","Minneapolis, MN","Teachers Confirmed","http://www.springjammpls.com","https://www.swingplanit.com/event/spring-jam",2026-02-27
"166","May 2026",29,933,"Back Home Again in Indiana","United States","Indianapolis, Indiana","Teachers Confirmed","https://www.backhomeagain.dance/","https://www.swingplanit.com/event/back-home-again1",2026-02-27
"167","May 2026",29,231,"Copenhagen Balboa Weekend Spring","Denmark","Copenhagen","Teachers Confirmed Exchange","https://www.balboaswing.dk/copenhagen-balboa-weekend-spring-2026-2/","https://www.swingplanit.com/event/copenhagen-balboa-weekend-spring2",2026-02-27
"168","May 2026",29,820,"Roffa Balboa Brew","Netherlands","Rotterdam","Teachers Confirmed","https://www.roffaswing.nl/events","https://www.swingplanit.com/event/roffa-balboa-brew1",2026-02-27
"169","May 2026",29,3788,"Sunny Slide Swing Fest","Italy","Silvi Marina - Italy","Teachers Confirmed","http://www.sunnyslideswingfest.com","https://www.swingplanit.com/event/sunny-slide-swing-fest2",2026-02-27
"170","May 2026",29,892,"Family Hop","Germany","Rothenfels (Spessart)","Teachers Confirmed","http://www.familyhop.de","https://www.swingplanit.com/event/family-hop2",2026-02-27
"171","May 2026",29,198,"Dipping Blues","France","Toulouse","Teachers Confirmed","http://www.studiohop.com","https://www.swingplanit.com/event/dipping-blues4",2026-02-27
"172","May 2026",29,265,"Hop’n Spring","France","BesanÃ§on","Teachers Confirmed","http://www.blindy.fr","https://www.swingplanit.com/event/hopn-spring1",2026-02-27
"173","May 2026",30,100,"Ryan Francois Weekender","United Kingdom","Bristol","Teachers Confirmed","https://fb.me/e/ciVtkMGWL","https://www.swingplanit.com/event/ryan-francois-wekender",2026-02-27
"174","June 2026",4,2039,"Lakedance","Germany","Konstanz","Teachers Confirmed Exchange","https://www.swing-ex-konstanz.de/","https://www.swingplanit.com/event/lakedance2",2026-02-27
"175","June 2026",5,242,"Zamora Swing Fest (ZSF)","Spain","Zamora","","http://www.swingzamora.es","https://www.swingplanit.com/event/zamora-swing-fest-zsf26",2026-02-27
"176","June 2026",5,1421,"Slow Flow","Spain","Madrid","","https://bigmamaswing.com/index.php/eventos/Festival_slow_Flow","https://www.swingplanit.com/event/slow-flow2",2026-02-27
"177","June 2026",5,1430,"Summer Tyne Swing","United Kingdom","Newcastle upon Tyne","Teachers Confirmed","https://swingtyne.com/summer-tyne-swing/","https://www.swingplanit.com/event/summer-tyne-swing",2026-02-27
"178","June 2026",5,1466,"Liesel Hop","Germany","Göttingen","Exchange","https://www.liesel-hop.de","https://www.swingplanit.com/event/liesel-hop",2026-02-27
"179","June 2026",5,72,"Down By The Riverside","Canada","Saint-Georges, Quebec, QC, Canada","Teachers Confirmed","https://www.lacabaneaswing.com/down-by-the-riverside","https://www.swingplanit.com/event/down-by-the-riverside4",2026-02-27
"180","June 2026",5,3,"1920s Jazz Age Dance Weekend","Canada","Toronto","Teachers Confirmed","http://www.swingtoronto.com","https://www.swingplanit.com/event/1920s-jazz-age-dance-weekend",2026-02-27
"181","June 2026",5,1941,"Spirit of swing festival Aix en Provence","France","Aix En Provence","Teachers Confirmed","http://www.spiritofswing.com","https://www.swingplanit.com/event/spirit-of-swing-festival-aix-en-provence",2026-02-27
"182","June 2026",5,213,"Swingin’ Cadí","Spain","La Seu d'Urgell","Teachers Confirmed","https://swingincadi.com/es/","https://www.swingplanit.com/event/swingin-cadi",2026-02-27
"183","June 2026",5,216,"Kats Weekend Salamanca - Vol.2","Spain","Salamanca","Teachers Confirmed","https://linktr.ee/helmantikats","https://www.swingplanit.com/event/kats-weekend-salamanca-vol.2",2026-02-27
"184","June 2026",6,1186,"Balboa Edition Grenoble Special","France","Grenoble","Teachers Confirmed","https://www.vinniekatswing.com","https://www.swingplanit.com/event/balboa-edition-grenoble-special",2026-02-27
"185","June 2026",6,355,"Junijazz & Lindyseilas","Norway","Oslo","","http://www.facebook.com/events/2057838131667484","https://www.swingplanit.com/event/junijazz-lindyseilas3",2026-02-27
"186","June 2026",8,2187,"Swingin the Bay","Greece","Chalkidiki","Teachers Confirmed","http://www.swinginthebay.com","https://www.swingplanit.com/event/swingin-the-bay3",2026-02-27
"187","June 2026",11,759,"Hepcats Festival- Istanbul","Turkey","Istanbul","Teachers Confirmed","http://www.hepcatsfestival.com","https://www.swingplanit.com/event/hepcats-festival",2026-02-27
"188","June 2026",12,916,"Swing Eruption - Catania Summer Fest","Italy","Catania, Sicily","Teachers Confirmed","https://www.danzofficina.com/swing-eruption/","https://www.swingplanit.com/event/swing-eruption-catania-summer-fest3",2026-02-27
"189","June 2026",12,731,"Oxford Lindy Exchange","United Kingdom","Oxford","Exchange","https://oxfordlindyexchange.com","https://www.swingplanit.com/event/oxford-lindy-exchange14",2026-02-27
"190","June 2026",12,1278,"Sendai Balboa Festival with Kate & David","Japan","Sendai","Teachers Confirmed","https://fb.me/e/9375RFEiF","https://www.swingplanit.com/event/sendai-balboa-festival-with-kate-david",2026-02-27
"191","June 2026",12,5,"Midsummer Swing","Latvia","Riga","Teachers Confirmed","http://www.midsummerswing.com","https://www.swingplanit.com/event/midsummer-swing4",2026-02-27
"192","June 2026",12,842,"Málaga Balboa Weekend","Spain","MÃ¡laga","Teachers Confirmed","https://www.facebook.com/Blue.SwingTorremolinos","https://www.swingplanit.com/event/malaga-balboa-weekend",2026-02-27
"193","June 2026",12,282,"Valencia Lindy Exchange with Jill De Muelenaere & Alex McCormack","Spain","Valencia","Teachers Confirmed","http://www.valencialindyhop.com","https://www.swingplanit.com/event/valencia-lindy-exchange-with-jill-de-muelenaere-alex-mccormack",2026-02-27
"194","June 2026",12,4,"Harbour Hop","Netherlands","Rotterdam","Teachers Confirmed","http://www.harbourhop.nl/","https://www.swingplanit.com/event/harbour-hop8",2026-02-27
"195","June 2026",12,962,"Midsummer Swing","Latvia","Riga","Teachers Confirmed","https://www.midsummerswing.com/","https://www.swingplanit.com/event/midsummer-swing3",2026-02-27
"196","June 2026",13,3,"Midsummer Lindy Treat","Sweden","Luleå","Teachers Confirmed","https://www.heedman.com/midsummer.html","https://www.swingplanit.com/event/midsummer-lindy-treat",2026-02-27
"197","June 2026",18,189,"Trippin’ Blues Amsterdam","Netherlands","Amsterdam","","http://www.trippinblues.amsterdam","https://www.swingplanit.com/event/trippin-blues-amsterdam5",2026-02-27
"198","June 2026",19,1417,"Queer Swing Dance Exchange Zurich","Switzerland","Zurich","Teachers Confirmed Exchange","http://www.queerswingzurich.com","https://www.swingplanit.com/event/queer-swing-dance-exchange-zurich",2026-02-27
"199","June 2026",19,729,"Shake the Change Festival","Slovenia","Radovljica","Teachers Confirmed","https://shakethechange.si/","https://www.swingplanit.com/event/shake-the-change-festival3",2026-02-27
"200","June 2026",19,776,"Sugarville","Netherlands","Groningen","Teachers Confirmed","https://www.sugarvilleswing.nl/","https://www.swingplanit.com/event/sugarville3",2026-02-27
"201","June 2026",19,502,"Blues at the ‘Bridge","United Kingdom","Cambridge","Teachers Confirmed","https://facebook.com/events/s/blues-at-the-bridge-2026/2012741039485424/","https://www.swingplanit.com/event/blues-at-the-bridge4",2026-02-27
"202","June 2026",19,476,"The Blues Lab","Turkey","Cappadoccia","Teachers Confirmed","https://www.canva.com/design/DAGyes28AWA/ksBkCvBa1XLq5INsVH9PVw/view?utm_content=DAGyes28AWA&utm_campaign=designshare&utm_medium","https://www.swingplanit.com/event/the-blues-lab",2026-02-27
"203","June 2026",19,1757,"WGC Swing Festival","United Kingdom","Welwyn Garden City","","http://www.wgcvintagefestival.com","https://www.swingplanit.com/event/wgc-swing-festival",2026-02-27
"204","June 2026",19,189,"Montreal Bal Jam","Canada","Montreal","Teachers Confirmed","https://mtlbaljam.org/","https://www.swingplanit.com/event/montreal-bal-jam",2026-02-27
"205","June 2026",20,174,"Lindy Hop Intensive Weekend","Germany","Augsburg","Teachers Confirmed","https://hepcatclub.com/events/lindy-trainingslager/","https://www.swingplanit.com/event/lindy-hop-intensive-weekend2",2026-02-27
"206","June 2026",25,308,"a Little Swing - festival in Crete","Greece","Chania, Crete","Teachers Confirmed","http://www.alittleswing.org","https://www.swingplanit.com/event/a-little-swing-festival-in-crete2",2026-02-27
"207","June 2026",25,194,"Balboa Festival Shanghai","China","Shanghai","Teachers Confirmed","https://balboafestivalshanghai.com/","https://www.swingplanit.com/event/balboa-festival-shanghai3",2026-02-27
"208","June 2026",26,1419,"Humdinger","United Kingdom","Weston-super-Mare","","http://www.humdinger-events.com","https://www.swingplanit.com/event/humdinger",2026-02-27
"209","June 2026",26,294,"Lille dit Hop!","France","Lille","","https://www.lilotbalboa.fr/","https://www.swingplanit.com/event/lille-dit-hop2",2026-02-27
"210","June 2026",26,1020,"Balboa Delight","Switzerland","Basel","","http://www.jitterbugsdelight.ch/balboa","https://www.swingplanit.com/event/balboa-delight4",2026-02-27
"211","June 2026",26,6,"Jumpin’ June","Spain","Vitoria-Gasteiz","Teachers Confirmed","https://www.thebounceswing.com/jumpin-june-2026","https://www.swingplanit.com/event/jumpin-june1",2026-02-27
"212","June 2026",26,94,"Glasgow Swing Exchange","United Kingdom","Glasgow","Exchange","http://www.glasgowswingexchange.co.uk","https://www.swingplanit.com/event/glasgow-swing-exchange1",2026-02-27
"213","June 2026",26,454,"Infinity Swing Festival","Germany","Karlsruhe","","https://karlsruhe.tanz-loft.de/news/infinity-swing/","https://www.swingplanit.com/event/infinity-swing-festival",2026-02-27
"214","July 2026",3,1302,"What a Jazz summer camp","Lithuania","","Teachers Confirmed","http://www.whatajazz.lt","https://www.swingplanit.com/event/what-a-jazz-summer-camp3",2026-02-27
"215","July 2026",3,1328,"Midnight Sun Swing Festival","Finland","Helsinki","","http://www.midnightsunswing.fi/","https://www.swingplanit.com/event/midnight-sun-swing-festival",2026-02-27
"216","July 2026",4,1252,"Herrang Dance Camp Week 1","Sweden","Herrang","Teachers Confirmed","http://www.herrang.com","https://www.swingplanit.com/event/herrang-dance-camp-week-11",2026-02-27
"217","July 2026",10,802,"Slow Soirée- Brisbane Slow Dance Exchange","Australia","Brisbane","","https://slowsoiree.com.au/","https://www.swingplanit.com/event/slow-soiree-brisbane-slow-dance-exchange",2026-02-27
"218","July 2026",10,2368,"Slow Dance Soirée","United States","Rochester NY","","https://www.slowdancesoiree.com/","https://www.swingplanit.com/event/slow-dance-soiree5",2026-02-27
"219","July 2026",10,210,"Shag Summer Camp","United States","Irvine, CA","Teachers Confirmed","http://www.shagsummercamp.com","https://www.swingplanit.com/event/shag-summer-camp2",2026-02-27
"220","July 2026",11,1003,"Herrang Dance Camp Week 2","Sweden","Sweden","Teachers Confirmed","https://www.herrang.com/","https://www.swingplanit.com/event/herrang-dance-camp-week-21",2026-02-27
"221","July 2026",12,309,"Mopao Swing Holidays","Spain","Santa susanna","Teachers Confirmed","http://www.mopao-swing-holidays.com","https://www.swingplanit.com/event/mopao-swing-holidays2",2026-02-27
"222","July 2026",17,1780,"BTX","Japan","Tokyo","Exchange","https://balintokyo2024.my.canva.site/btx2026/","https://www.swingplanit.com/event/btx",2026-02-27
"223","July 2026",17,73,"San Diego Balboa and Lindy Exchange","United States","San Diego","Exchange","http://www.sdblx.org","https://www.swingplanit.com/event/san-diego-balboa-and-lindy-exchange3",2026-02-27
"224","July 2026",18,811,"Herrang Dance Camp Week 3","Sweden","Herrang","Teachers Confirmed","http://www.herrang.com","https://www.swingplanit.com/event/herrang-dance-camp-week-31",2026-02-27
"225","July 2026",24,535,"Winter Swing Festival","Australia","Hobart","Exchange","http://www.tasswing.com.au","https://www.swingplanit.com/event/winter-swing-festival6",2026-02-27
"226","July 2026",24,573,"Northwest Balboa Festival","United States","Seattle","","https://northwestbalboafestival.com/","https://www.swingplanit.com/event/northwest-balboa-festival8",2026-02-27
"227","July 2026",25,419,"Blues Dose Retreat","Czech Republic","near Brno","Teachers Confirmed","https://bluesdose.cz/retreat-2026/","https://www.swingplanit.com/event/blues-dose-retreat1",2026-02-27
"228","July 2026",25,886,"Herrang Dance Camp Week 4","Sweden","Herrang","Teachers Confirmed","http://www.herrang.com","https://www.swingplanit.com/event/herrang-dance-camp-week-41",2026-02-27
"229","July 2026",29,2152,"Novelläng - Swing in the Amalfi Coast","Italy","Tramonti (SA)","Teachers Confirmed","http://www.novellangswingcamp.com","https://www.swingplanit.com/event/novellaeng-swing-in-the-amalfi-coast",2026-02-27
"230","August 2026",1,1017,"Family Blues Camp","Italy","Tuscany","Teachers Confirmed","https://familybluescamp.ch/","https://www.swingplanit.com/event/family-blues-camp",2026-02-27
"231","August 2026",7,746,"Flower City Swing & Blues Exchange","United States","Rochester, NY","Exchange","http://www.flowercityswingblues.com","https://www.swingplanit.com/event/flower-city-swing-blues-exchange",2026-02-27
"232","August 2026",13,156,"Bluesila","Lithuania","70 km from Vilnius","Teachers Confirmed","https://fb.me/e/7cWRaT2wc","https://www.swingplanit.com/event/bluesila6",2026-02-27
"233","August 2026",14,405,"Bal-love","Czech Republic","Prague","Teachers Confirmed","https://www.bal-love.com","https://www.swingplanit.com/event/bal-love1",2026-02-27
"234","August 2026",14,599,"Summertime Blues","Germany","Windeck (near Cologne/Bonn)","Teachers Confirmed","http://www.tanzbildung.info/ZweisamerTanzPaartanz#SummertimeBlues","https://www.swingplanit.com/event/summertime-blues1",2026-02-27
"235","August 2026",20,231,"Swing Era","Thailand","Bangkok","Teachers Confirmed","https://theswingera.com/","https://www.swingplanit.com/event/swing-era3",2026-02-27
"236","August 2026",20,682,"Oslo Swingjazz Festival","Norway","Oslo","Exchange","https://osloswingjazz.com/","https://www.swingplanit.com/event/oslo-swingjazz-festival",2026-02-27
"237","August 2026",20,324,"Harvest Moon Swing Dance Camp","Germany","Rietberg ","Teachers Confirmed","http://www.harvestmoon.camp","https://www.swingplanit.com/event/harvest-moon-swing-dance-camp2",2026-02-27
"238","August 2026",23,258,"Swing Dance Montenegro Summer Camp","Montenegro","Kostanica, Montenegro","Teachers Confirmed","http://camp.swingdance-montenegro.com/","https://www.swingplanit.com/event/swing-dance-montenegro-summer-camp2",2026-02-27
"239","August 2026",27,1638,"Velo-Swing Festival","Germany","Saarbrücken","Teachers Confirmed","https://www.veloswingfestival.com/","https://www.swingplanit.com/event/velo-swing-festival9",2026-02-27
"240","August 2026",27,240,"Harvest Moon Swing Dance Camp - Between the Beats","Germany","Rietberg","","http://www.harvestmoon.camp","https://www.swingplanit.com/event/harvest-moon-swing-dance-camp-between-the-beats",2026-02-27
"241","August 2026",28,932,"Dornbirn Summer Swivel","Austria","Dornbirn","Teachers Confirmed","https://www.laendlehop.at/summer-swivel-2026/","https://www.swingplanit.com/event/dornbirn-summer-swivel4",2026-02-27
"242","August 2026",28,676,"Shag Ahoi!","Germany","Hamburg","","http://www.shagahoi.de","https://www.swingplanit.com/event/shag-ahoi8",2026-02-27
"243","August 2026",28,1047,"The Uptown Swingout","United States","Minneapolis, MN","","http://www.uptownswingout.com","https://www.swingplanit.com/event/the-uptown-swingout7",2026-02-27
"244","August 2026",28,698,"Velo-Swing Festival","Germany","Saarbruecken","Teachers Confirmed","https://www.veloswingfestival.com/","https://www.swingplanit.com/event/velo-swing-festival10",2026-02-27
"245","September 2026",4,476,"Balboa On The River","Canada","Gananoque Ontario","Teachers Confirmed","http://www.balboaontheriver.com","https://www.swingplanit.com/event/balboa-on-the-river5",2026-02-27
"246","September 2026",5,318,"Jazz Break & Knowedge Meetup with Odd Sweet","Luxembourg","Luxembourg","Teachers Confirmed","https://jazzbreak.lu/knowedge-meetup/","https://www.swingplanit.com/event/jazz-break-knowedge-meetup-with-odd-sweet",2026-02-27
"247","September 2026",9,8,"Sicily Swing Fest 11th - Tutti Frutti Edition","Italy","Catania","Teachers Confirmed","http://www.sicilyswingfest.it/","https://www.swingplanit.com/event/sicily-swing-fest-11th-tutti-frutti-edition",2026-02-27
"248","September 2026",9,324,"We Bal Paris","France","Paris","Teachers Confirmed","https://webaltheworld.wixsite.com/solaudanse/about-6","https://www.swingplanit.com/event/we-bal-paris1",2026-02-27
"249","September 2026",10,511,"be bluesed festival","Switzerland","Bern","Teachers Confirmed","https://be-bluesed-festival.ch/","https://www.swingplanit.com/event/be-bluesed-festival1",2026-02-27
"250","September 2026",10,1120,"Sicily Swing Fest","Italy","Catania","","http://www.sicilyswingfest.it/","https://www.swingplanit.com/event/sicily-swing-fest3",2026-02-27
"251","September 2026",11,1047,"Season of the Switch","Germany","Munich","Teachers Confirmed","http://www.seasonoftheswitch.com","https://www.swingplanit.com/event/season-of-the-switch",2026-02-27
"252","September 2026",11,289,"Sprottenhop","Germany","Kiel","Teachers Confirmed","http://www.sprottenhop.de","https://www.swingplanit.com/event/sprottenhop2",2026-02-27
"253","September 2026",11,482,"Shag Delight","Switzerland","Basel","","http://www.jitterbugsdelight.ch/shag","https://www.swingplanit.com/event/shag-delight4",2026-02-27
"254","September 2026",11,377,"Bottoms UP!","Germany","Cologne","Teachers Confirmed","http://www.bottomsupfestival.com","https://www.swingplanit.com/event/bottoms-up1",2026-02-27
"255","September 2026",17,663,"Barcelona Lindy Exchange - BLE","Spain","Barcelona","Exchange","https://barcelonalindyexchange.com/","https://www.swingplanit.com/event/barcelona-lindy-exchange-ble2",2026-02-27
"256","September 2026",18,2436,"Swing Man Tau","Germany","Bremen","","https://swingmantau.de/","https://www.swingplanit.com/event/swing-man-tau4",2026-02-27
"257","September 2026",18,5,"Swingala","Italy","Rome","Teachers Confirmed","http://www.swingala.com","https://www.swingplanit.com/event/swingala9",2026-02-27
"258","September 2026",18,473,"Belta Blues and fusion","United Kingdom","Newcastle upon Tyne","","https://www.hoodooblues.dance","https://www.swingplanit.com/event/belta-blues-and-fusion",2026-02-27
"259","September 2026",25,589,"Calpe Swing Fiesta","Spain","Calpe","Teachers Confirmed","www.calpeswingfiesta.co.uk","https://www.swingplanit.com/event/calpe-swing-fiesta9",2026-02-27
"260","September 2026",25,619,"Rock the Balboa!","Poland","Krakow","","https://rockthebalboa.com/","https://www.swingplanit.com/event/rock-the-balboa3",2026-02-27
"261","September 2026",25,162,"Swing Buzz Festival","Bulgaria","Sofia","","http://www.swingbuzz.eu","https://www.swingplanit.com/event/swing-buzz-festival2",2026-02-27
"262","September 2026",25,249,"Edinburgh Lindy Exchange","United Kingdom","Edinburgh","Exchange","https://www.edinburghlindyexchange.co.uk/","https://www.swingplanit.com/event/edinburgh-lindy-exchange12",2026-02-27
"263","September 2026",25,914,"Augsburg Balboa & Shag Festival","Germany","Augsburg","","https://www.augsburgbalboa.com","https://www.swingplanit.com/event/augsburg-balboa-shag-festival3",2026-02-27
"264","October 2026",2,241,"swingomania- Swing Loves Blues","Germany","Nuremberg","Teachers Confirmed","https://swingomania.lindymaniacs.de/en","https://www.swingplanit.com/event/swingomania-swing-loves-blues3",2026-02-27
"265","October 2026",2,264,"Oslo Balboa Weekend","Norway","Oslo","Teachers Confirmed","http://www.oslobalboaweekend.com","https://www.swingplanit.com/event/oslo-balboa-weekend11",2026-02-27
"266","October 2026",8,497,"Bcn Shag Festival - 12th edition","Spain","Barcelona","","http://www.bcn.shag.cat","https://www.swingplanit.com/event/bcn-shag-festival-12th-edition",2026-02-27
"267","October 2026",8,273,"Swingin’ Undermoon!","Spain","Valencia","","http://www.swingingundermoon.com","https://www.swingplanit.com/event/swingin-undermoon",2026-02-27
"268","October 2026",9,371,"Da Solo Jazz","Germany","Darmstadt","Teachers Confirmed","http://www.dasolojazz.com","https://www.swingplanit.com/event/da-solo-jazz",2026-02-27
"269","October 2026",9,614,"NY Lindy Exchange","United States","New York City","Exchange","https://www.nylindy.com/","https://www.swingplanit.com/event/ny-lindy-exchange2",2026-02-27
"270","October 2026",9,84,"Blues Juke Joint Weekend","Portugal","Porto","","https://bluesjukejointport.wixsite.com/bjjweekend","https://www.swingplanit.com/event/blues-juke-joint-weekend1",2026-02-27
"271","October 2026",9,60,"Why Not Aarhus Lindy Exchange","Denmark","Aarhus","Teachers Confirmed Exchange","https://aarhuslindyhoppers.dk/why-not-2026","https://www.swingplanit.com/event/why-not-aarhus-lindy-exchange6",2026-02-27
"272","October 2026",9,504,"Lindy Poh! Festival","Chile","Santiago","","http://www.lindypoh.cl","https://www.swingplanit.com/event/lindy-poh-festival1",2026-02-27
"273","October 2026",10,862,"Grand-Heidel-Bal","Germany","Heidelberg","","http://www.balboa-heidelberg.de","https://www.swingplanit.com/event/grand-heidel-bal1",2026-02-27
"274","October 2026",16,254,"Slow Bal-Love","Czech Republic","Prague","","https://balloveinc.wixsite.com/slow-bal-love","https://www.swingplanit.com/event/slow-bal-love",2026-02-27
"275","October 2026",16,364,"Broadway Swing","Germany","Magdeburg","Teachers Confirmed","https://broadway.swing39.de/","https://www.swingplanit.com/event/broadway-swing5",2026-02-27
"276","October 2026",16,156,"Breaking Bal: Balboa & Lindy Hop Weekend","United States","Santa Fe, New Mexico","Teachers Confirmed","https://santafebalboa.org/breaking-bal-2026/","https://www.swingplanit.com/event/breaking-bal-balboa-lindy-hop-weekend",2026-02-27
"277","October 2026",16,369,"Byron Bay Lindy Exchange","Australia","Byron Bay NSW","Exchange","http://www.byronbaylindyexchange.com.au","https://www.swingplanit.com/event/byron-bay-lindy-exchange1",2026-02-27
"278","October 2026",16,214,"Malmö Jumpin’ Fall","Sweden","MalmÃ¶","","http://www.jumpinfall.se/","https://www.swingplanit.com/event/malmoe-jumpin-fall1",2026-02-27
"279","October 2026",22,598,"Myotragus Swing Festival","Spain","Palmanova","","https://www.instagram.com/myotragus_fest/","https://www.swingplanit.com/event/myotragus-swing-festival1",2026-02-27
"280","October 2026",23,979,"20th Munich Balboa & Shag Weekend","Germany","Munich","","http://www.balboashag.de","https://www.swingplanit.com/event/20th-munich-balboa-shag-weekend",2026-02-27
"281","October 2026",23,623,"Queer Lindy Festival Cologne","Germany","Cologne","","http://www.queerlindycologne.de","https://www.swingplanit.com/event/queer-lindy-festival-cologne",2026-02-27
"282","October 2026",29,489,"Mainhatten Shuffle - Frankfurt Balboa Weekend","Germany","Frankfurt/Main","","http://www.shuffle.rmswing.de","https://www.swingplanit.com/event/mainhatten-shuffle-frankfurt-balboa-weekend3",2026-02-27
"283","October 2026",30,125,"Cambridge Lindy Exchange","United Kingdom","Cambridge","Exchange","http://www.cambridgeswingdance.com","https://www.swingplanit.com/event/cambridge-lindy-exchange9",2026-02-27
"284","October 2026",30,102,"Spooky Southern Blues","Australia","Adelaide","","https://swingdanceadelaide.com/southern-blues/","https://www.swingplanit.com/event/spooky-southern-blues",2026-02-27
"285","October 2026",30,364,"Boulevard blues","Belgium","Hasselt","Teachers Confirmed","http://www.boulevardblues.be","https://www.swingplanit.com/event/boulevard-blues5",2026-02-27
"286","November 2026",6,631,"Barcelona Balboa Festival - BBF","Spain","Barcelona","","https://www.barcelonabalboafestival.com/","https://www.swingplanit.com/event/barcelona-balboa-festival-bbf1",2026-02-27
"287","November 2026",6,205,"The Night Train Festival","Germany","Cologne","","http://www.groovestationcollective.de","https://www.swingplanit.com/event/the-night-train-festival",2026-02-27
"288","November 2026",13,548,"Lindy Academy","United Kingdom","Titchfield, Fareham","Teachers Confirmed","http://www.thelindyclub.co.uk","https://www.swingplanit.com/event/lindy-academy8",2026-02-27
"289","November 2026",13,4,"Swingdom","Netherlands","Utrecht","","http://www.swingdom.nl","https://www.swingplanit.com/event/swingdom10",2026-02-27
"290","November 2026",20,201,"Autumn leaves the Pott","Germany","Dortmund","","http://www.lindypott.de","https://www.swingplanit.com/event/autumn-leaves-the-pott2",2026-02-27
"291","November 2026",20,3,"Stardust Slow Bal","United States","Washington DC","Teachers Confirmed","https://stardustweekend.com/","https://www.swingplanit.com/event/stardust-slow-bal",2026-02-27
"292","November 2026",20,178,"Hanoi Lindy Weekend","Viet Nam","Hanoi","","https://www.facebook.com/hanoilindyweekend","https://www.swingplanit.com/event/hanoi-lindy-weekend2",2026-02-27
"293","November 2026",27,402,"Da Shag","Germany","Darmstadt","Teachers Confirmed","http://www.sunnysideswing.de","https://www.swingplanit.com/event/da-shag1",2026-02-27
"294","November 2026",27,455,"Stir it!","Switzerland","Zurich","","http://www.stirit.ch","https://www.swingplanit.com/event/stir-it25",2026-02-27
"295","November 2026",27,552,"Breezy Swing Weekend","Thailand","Hua Hin","Exchange","https://www.instagram.com/breezy_swing/","https://www.swingplanit.com/event/breezy-swing-weekend",2026-02-27
"296","November 2026",28,178,"Jazz Break Weekend with Ari and Simon","Luxembourg","Luxembourg","Teachers Confirmed","https://jazzbreak.lu/ari-simon/","https://www.swingplanit.com/event/jazz-break-weekend-with-ari-and-simon",2026-02-27
"297","December 2026",11,666,"XmaSwing","Germany","Augsburg","","https://www.xmaswing.com","https://www.swingplanit.com/event/xmaswing10",2026-02-27
"298","January 2027",9,183,"Slow Balboa Weekend Munich 7th Edition","Germany","Munich","Competitions Held Teachers Confirmed","https://www.munichbalboa.de","https://www.swingplanit.com/event/slow-balboa-weekend-munich-7th-edition",2026-02-27
"299","February 2027",4,409,"Nubalboa","Spain","Madrid","","https://bigmamaswing.com/nubalboa","https://www.swingplanit.com/event/nubalboa8",2026-02-27
"300","February 2027",4,844,"20th Rock That Swing Festival","Germany","Munich","","http://www.rockthatswing.com","https://www.swingplanit.com/event/20th-rock-that-swing-festival",2026-02-27
"301","February 2027",6,172,"Lindy & Balboa Cruise from New Orleans to the Western Caribbean","United States","New Orleans, LA, Falmouth, Jamaica,Georgetown, Grand Cayman, Cozumel, Mexico","","https://lindycruise.com/","https://www.swingplanit.com/event/lindy-balboa-cruise-from-new-orleans-to-the-western-caribbean",2026-02-27
"302","February 2027",19,114,"All that Blues Festival","Germany","saarbrücken","Teachers Confirmed","http://www.allthatbluesfestival.de","https://www.swingplanit.com/event/all-that-blues-festival4",2026-02-27
